title,publisher,rating_from_5,rating_count,finalPrice,originalPrice,discountInfo,offer,discountDescriptor,release,genre,product_tag,noticesListItem3,discribtionTag,ratingProgresBar,subtitles,voices
Fortnite,Epic Games,4.32,7447202 ratings,Free,,,,,7/21/2017,,"['PS5', 'Fortnite', 'PS5 Pro Enhanced']","['In-game purchases optional', 'Online play required', '99 online players', 'PS5 VersionVibration function and trigger effect required', 'PS5 Pro Enhanced', 'PS5 game streaming supported only with Premium subscription', 'In-game purchases optional', 'Online play required', '99 online players', 'PS5 VersionVibration function and trigger effect required', 'PS5 Pro Enhanced', 'PS5 game streaming supported only with Premium subscription']","['Diverse Content: Discretion AdvisedIn-Game Purchases, Users Interact']","['71%', '10%', '8%', '1%', '10%']","['Arabic, English, French (France), German, Italian, Japanese, Korean, Polish, Portuguese (Brazil), Russian, Spanish, Spanish (Mexico), Turkish']",[]
NBA 2K25 Standard Edition,2K,3.17,24029 ratings,$20.99,$69.99,Save 70%,Save 70%Offer ends 4/10/2025 06:59 AM UTC,Offer ends 4/10/2025 06:59 AM UTC,9/4/2024,,"['PS4', 'PS5', 'Standard Edition', 'PS5 Pro Enhanced', 'PS4', 'PS5', 'PS4', 'PS5', 'PS4', 'PS5', 'PS4', 'PS5', 'PS4', 'PS5', 'PS4', 'PS5']","['PS Plus required for online play', 'In-game purchases optional', 'Supports up to 10 online players with PS Plus', 'Online play optional', '1 - 4 players', 'Remote Play supported', 'PS5 VersionVibration function and trigger effect supported (DualSense wireless controller)', 'PS5 Pro EnhancedView All', 'PS Plus required for online play', 'In-game purchases optional', 'Supports up to 10 online players with PS Plus', 'Online play optional', '1 - 4 players', 'Remote Play supported', 'PS5 VersionVibration function and trigger effect supported (DualSense wireless controller)', 'PS5 Pro EnhancedView All']","['In-Game Purchases (Includes Random Items), Users Interact']","['42%', '10%', '8%', '5%', '35%']","['Chinese (Simplified), Chinese (Traditional), English, French (France), German, Italian, Japanese, Korean, Spanish']",[]
MLB® The Show™ 25,Sony Interactive Entertainment,3.78,1457 ratings,$69.99,,,,,3/18/2025,,"['PS5', 'Standard Edition']","['PS Plus required for online play', 'In-game purchases optional', 'Supports up to 8 online players with PS Plus', 'Online play optional', '1 - 4 players', 'Remote Play supported', 'PS5 VersionVibration function and trigger effect supported (DualSense wireless controller)', 'Game Help supportedView All', 'PS Plus required for online play', 'In-game purchases optional', 'Supports up to 8 online players with PS Plus', 'Online play optional', '1 - 4 players', 'Remote Play supported', 'PS5 VersionVibration function and trigger effect supported (DualSense wireless controller)', 'Game Help supportedView All']","['No DescriptorsIn-Game Purchases (Includes Random Items), Users Interact']","['57%', '12%', '6%', '4%', '22%']",['English'],[]
Assassin’s Creed Shadows,Ubisoft Entertainment,4.64,15124 ratings,$69.99,,,,,3/20/2025,,"['PS5', 'Standard Edition', 'PS5 Pro Enhanced']","['In-game purchases optional', 'Online play optional', '1 player', 'PS5 VersionVibration function and trigger effect supported (DualSense wireless controller)', 'PS5 Pro Enhanced', 'In-game purchases optional', 'Online play optional', '1 player', 'PS5 VersionVibration function and trigger effect supported (DualSense wireless controller)', 'PS5 Pro Enhanced']","['Blood and Gore, Intense Violence, LanguageIn-Game Purchases, Users Interact']","['84%', '7%', '2%', '2%', '5%']","['English, French (France), Japanese, Portuguese (Brazil), Spanish']",[]
Call of Duty®: Black Ops 6 - Cross-Gen Bundle,Activision,3.96,530449 ratings,$48.99,$69.99,Save 30%,Save 30%Offer ends 4/2/2025 03:59 PM UTC,Offer ends 4/2/2025 03:59 PM UTC,10/25/2024,,"['PS4', 'PS5', 'BO6 Cross-Gen', 'PS5 Pro Enhanced', 'PS4', 'PS5', 'PS4', 'PS5', 'PS4', 'PS5', 'PS4', 'PS5', 'PS4', 'PS5']","['PS Plus required for online play', 'In-game purchases optional', 'Online play required', 'Supports up to 40 online players with PS Plus', 'Remote Play supported', 'PS5 VersionVibration function and trigger effect supported (DualSense wireless controller)', 'PS5 Pro Enhanced', 'PS Plus required for online play', 'In-game purchases optional', 'Online play required', 'Supports up to 40 online players with PS Plus', 'Remote Play supported', 'PS5 VersionVibration function and trigger effect supported (DualSense wireless controller)', 'PS5 Pro Enhanced']","['Blood and Gore, Intense Violence, Strong Language, Suggestive Themes, Use of DrugsIn-Game Purchases, Users Interact']","['59%', '11%', '12%', '2%', '16%']","['English, French (France), Portuguese (Brazil), Spanish (Mexico)']",[]
EA SPORTS FC™ 25 Standard Edition PS4 & PS5,Electronic Arts Inc,3.37,124738 ratings,$69.99,,,Subscribe to EA Play to get a 10-hour game trial,,9/20/2024,,"['PS4', 'PS5', 'Standard Edition', 'PS5 Pro Enhanced', 'PS4', 'PS5', 'PS4', 'PS5', 'PS4', 'PS5', 'PS4', 'PS5']","['PS Plus required for online play', 'In-game purchases optional', 'Supports up to 22 online players with PS Plus', 'Online play optional', '1 - 4 players', 'Remote Play supported', 'PS5 VersionPS5 Pro Enhanced', 'PS Plus required for online play', 'In-game purchases optional', 'Supports up to 22 online players with PS Plus', 'Online play optional', '1 - 4 players', 'Remote Play supported', 'PS5 VersionPS5 Pro Enhanced']","['In-Game Purchases (Includes Random Items), Users Interact']","['47%', '9%', '9%', '4%', '31%']","['English, French (France), Portuguese (Brazil), Spanish (Mexico)', 'English, French (France), Portuguese (Brazil), Spanish (Mexico)']","['Arabic, Chinese, Dutch, English, French (France), German, Italian, Japanese, Korean, Polish, Portuguese (Brazil), Russian, Spanish, Spanish (Mexico)', 'English, French (France)']"
Marvel Rivals,UK Netease Interactive Entertainment Limited,4.37,97342 ratings,Free,,,,,12/6/2024,,"['PS5', 'PS5 Pro Enhanced']","['In-game purchases optional', 'Online play required', '12 online players', 'PS5 VersionVibration function and trigger effect supported (DualSense wireless controller)', 'PS5 Pro Enhanced', 'PS5 game streaming supported only with Premium subscription', 'In-game purchases optional', 'Online play required', '12 online players', 'PS5 VersionVibration function and trigger effect supported (DualSense wireless controller)', 'PS5 Pro Enhanced', 'PS5 game streaming supported only with Premium subscription']","['Suggestive Themes, ViolenceIn-Game Purchases (Includes Random Items), Users Interact']","['76%', '8%', '4%', '2%', '11%']","['Arabic, Chinese (Simplified), Chinese (Traditional), English, French (France), German, Italian, Japanese, Korean, Polish, Portuguese (Brazil), Russian, Spanish, Spanish (Mexico), Thai, Turkish']",[]
Roblox,ROBLOX Corporation,4.09,651638 ratings,Free,,,,,10/10/2023,,['PS4'],"['In-game purchases optional', 'Online play required', '99 online players', 'Remote Play supported', 'PS5 VersionVibration function and trigger effect supported (DualSense wireless controller)', 'PS4 VersionPS Camera optional', 'PS4 Pro Enhanced', 'DUALSHOCK\xa04 vibrationView All PS5 & PS4 Compatibility Notices', 'In-game purchases optional', 'Online play required', '99 online players', 'Remote Play supported', 'PS5 VersionVibration function and trigger effect supported (DualSense wireless controller)', 'PS4 VersionPS Camera optional', 'PS4 Pro Enhanced', 'DUALSHOCK\xa04 vibrationView All PS5 & PS4 Compatibility Notices']","['Diverse Content: Discretion AdvisedIn-Game Purchases (Includes Random Items), Users Interact']","['65%', '9%', '10%', '2%', '14%']","['Chinese (Simplified), Chinese (Traditional), English, French (France), German, Italian, Japanese, Korean, Portuguese (Brazil), Spanish']",[]
EA SPORTS™ College Football 25,Electronic Arts Inc,3.87,23022 ratings,$69.99,,,Included with EA Play,,7/15/2024,,"['PS5', 'Standard Edition', 'PS5 Pro Enhanced', 'PS5', 'PS5', 'PS4', 'PS5']","['PS Plus required for online play', 'In-game purchases optional', 'Supports up to 6 online players with PS Plus', 'Online play optional', '1 - 4 players', 'Remote Play supported', 'PS5 VersionPS5 Pro Enhanced', 'PS Plus required for online play', 'In-game purchases optional', 'Supports up to 6 online players with PS Plus', 'Online play optional', '1 - 4 players', 'Remote Play supported', 'PS5 VersionPS5 Pro Enhanced']","['No DescriptorsIn-Game Purchases (Includes Random Items), Users Interact']","['59%', '12%', '6%', '4%', '20%']",['English'],[]
EA SPORTS™ Madden NFL 25,Electronic Arts Inc,3.36,13674 ratings,$69.99,,,Included with EA Play,,8/16/2024,,"['PS4', 'PS5', 'Standard Edition', 'PS5 Pro Enhanced', 'PS4', 'PS5', 'PS4', 'PS5', 'PS4', 'PS5']","['PS Plus required for online play', 'In-game purchases optional', 'Supports up to 6 online players with PS Plus', 'Online play optional', '1 - 4 players', 'Remote Play supported', 'PS5 VersionPS5 Pro Enhanced', 'PS Plus required for online play', 'In-game purchases optional', 'Supports up to 6 online players with PS Plus', 'Online play optional', '1 - 4 players', 'Remote Play supported', 'PS5 VersionPS5 Pro Enhanced']","['Mild LyricsIn-Game Purchases (Includes Random Items), Users Interact']","['47%', '10%', '8%', '5%', '31%']",['English'],[]
Grand Theft Auto Online (PlayStation®5),Rockstar Games,4.49,803571 ratings,$19.99,,,Save 50%Offer ends 4/10/2025 06:59 AM UTC,,3/15/2022,,"['PS5', 'PS5', 'PS4', 'PS5', 'PS5', 'PS4', 'PS4', 'PS4', 'PS4', 'PS4']","['PS Plus required for online play', 'In-game purchases optional', 'Online play required', 'Supports up to 30 online players with PS Plus', 'Remote Play supported', 'PS5 VersionVibration function and trigger effect supported (DualSense wireless controller)', 'PS5 game streaming supported only with Premium subscription', 'PS Plus required for online play', 'In-game purchases optional', 'Online play required', 'Supports up to 30 online players with PS Plus', 'Remote Play supported', 'PS5 VersionVibration function and trigger effect supported (DualSense wireless controller)', 'PS5 game streaming supported only with Premium subscription']","['Blood and Gore, Intense Violence, Mature Humor, Nudity, Strong Language, Strong Sexual Content, Use of Drugs and Alcohol']","['79%', '8%', '5%', '1%', '7%']","['Chinese (Simplified), Chinese (Traditional), English, French (France), German, Italian, Korean, Polish, Portuguese (Brazil), Russian, Spanish, Spanish (Mexico)']",[]
The First Berserker: Khazan Standard Edition,NEXON,4.49,8115 ratings,$59.99,,,Demo,,3/27/2025,,"['PS5', 'STANDARD EDITION', 'PS5 Pro Enhanced']","['Offline play enabled', '1 player', 'Remote Play supported', 'PS5 VersionVibration function and trigger effect supported (DualSense wireless controller)', 'PS5 Pro Enhanced', 'PS5 game streaming supported only with Premium subscription', 'Offline play enabled', '1 player', 'Remote Play supported', 'PS5 VersionVibration function and trigger effect supported (DualSense wireless controller)', 'PS5 Pro Enhanced', 'PS5 game streaming supported only with Premium subscription']","['Blood, Strong Language, Violence']","['79%', '8%', '3%', '2%', '7%']","['Chinese (Simplified), Chinese (Traditional), English, French (France), German, Italian, Japanese, Korean, Portuguese (Brazil), Russian, Spanish (Mexico)']",[]
Minecraft,Mojang,4.3,1719984 ratings,Free,,Trial,Trial,,10/22/2024,,"['PS5', 'Standard Edition', 'PS5', 'PS4', 'PS4', 'PS4', 'PS5', 'PS4', 'PS5']","['PS Plus required for online play', 'In-game purchases optional', 'Supports up to 8 online players with PS Plus', '1 - 4 players', 'Remote Play supported', 'PS Plus required for online play', 'In-game purchases optional', 'Supports up to 8 online players with PS Plus', '1 - 4 players', 'Remote Play supported']","['Fantasy ViolenceIn-Game Purchases, Users Interact']","['72%', '9%', '7%', '1%', '11%']","['Bulgarian, Chinese (Simplified), Chinese (Traditional), Czech, Danish, Dutch, English, Finnish, French (Canada), French (France), German, Greek, Hungarian, Italian, Japanese, Korean, Norwegian, Polish, Portuguese (Brazil), Portuguese (Portugal), Russian, Slovenian, Spanish, Spanish (Mexico), Swedish, Turkish, Ukrainian']",[]
Genshin Impact,COGNOSPHERE PTE. LTD.,4.38,388591 ratings,Free,,,,,4/27/2021,,"['PS4', 'PS5']","['In-game purchases optional', 'Online play required', '4 online players', 'PS5 VersionPS5 game streaming supported only with Premium subscription', 'In-game purchases optional', 'Online play required', '4 online players', 'PS5 VersionPS5 game streaming supported only with Premium subscription']","['Alcohol Reference, Fantasy ViolenceIn-Game Purchases (Includes Random Items), Users Interact']","['75%', '9%', '5%', '1%', '10%']","['Chinese (Simplified), Chinese (Traditional), English, French (France), German, Italian, Japanese, Korean, Portuguese (Portugal), Russian, Spanish, Thai, Turkish, Vietnamese']",[]
WWE 2K25 Standard Edition,2K,4.33,2529 ratings,$69.99,,,,,3/14/2025,,"['PS4', 'PS5', 'Standard Edition', 'PS4', 'PS5', 'PS4', 'PS5', 'PS4', 'PS5']","['PS Plus required for online play', 'In-game purchases optional', 'Supports up to 8 online players with PS Plus', 'Online play optional', '1 - 4 players', 'Remote Play supported', 'PS5 VersionVibration function and trigger effect supported (DualSense wireless controller)', 'PS5 game streaming supported only with Premium subscriptionView All', 'PS Plus required for online play', 'In-game purchases optional', 'Supports up to 8 online players with PS Plus', 'Online play optional', '1 - 4 players', 'Remote Play supported', 'PS5 VersionVibration function and trigger effect supported (DualSense wireless controller)', 'PS5 game streaming supported only with Premium subscriptionView All']","['Language, Mild Blood, Mild Suggestive Themes, Use of Alcohol, ViolenceIn-Game Purchases (Includes Random Items), Users Interact']","['74%', '9%', '5%', '2%', '10%']","['English, French (France), Spanish']",[]
Split Fiction,Electronic Arts Inc,4.89,17631 ratings,$49.99,,,Save 10% with EA Play,,3/6/2025,,"['PS5', 'Standard Edition', 'PS5 Pro Enhanced']","['PS Plus required for online play', 'In-game purchases optional', 'Supports up to 2 online players with PS Plus', '1 - 2 players', 'PS5 VersionVibration function supported (DualSense wireless controller)', 'PS5 Pro Enhanced', 'PS Plus required for online play', 'In-game purchases optional', 'Supports up to 2 online players with PS Plus', '1 - 2 players', 'PS5 VersionVibration function supported (DualSense wireless controller)', 'PS5 Pro Enhanced']","['Blood and Gore, Crude Humor, Language, Violence']","['95%', '2%', '1%', '0%', '2%']","['Chinese (Simplified), Chinese (Traditional), English, French (France), German, Italian, Japanese, Korean, Polish, Portuguese (Brazil), Spanish']",[]
Apex Legends™ PS5,Electronic Arts Inc,4.09,807115 ratings,Free,,,,,2/8/2022,,"['PS5', 'PS5 Pro Enhanced', 'PS5', 'PS4']","['In-game purchases optional', 'Online play required', '60 online players', 'Remote Play supported', 'PS5 VersionPS5 Pro Enhanced', 'In-game purchases optional', 'Online play required', '60 online players', 'Remote Play supported', 'PS5 VersionPS5 Pro Enhanced']","['Blood, ViolenceIn-Game Purchases (Includes Random Items)']","['64%', '12%', '9%', '2%', '14%']","['Arabic, Chinese (Simplified), Chinese (Traditional), English, French (France), German, Italian, Japanese, Korean, Polish, Portuguese (Brazil), Russian, Spanish']",[]
Monster Hunter Wilds,"Capcom U.S.A., Inc.",4.59,48840 ratings,$69.99,,,,,2/28/2025,,"['PS5', 'Standard Edition', 'PS5 Pro Enhanced']","['PS Plus required for online play', 'In-game purchases optional', 'Supports up to 4 online players with PS Plus', 'Online play optional', '1 player', 'PS5 VersionVibration function and trigger effect supported (DualSense wireless controller)', 'PS5 Pro Enhanced', 'Game Help supportedView All', 'PS Plus required for online play', 'In-game purchases optional', 'Supports up to 4 online players with PS Plus', 'Online play optional', '1 player', 'PS5 VersionVibration function and trigger effect supported (DualSense wireless controller)', 'PS5 Pro Enhanced', 'Game Help supportedView All']","['Blood, Crude Humor, ViolenceIn-Game Purchases, Users Interact']","['84%', '6%', '3%', '2%', '6%']","['Arabic, English, French (France), German, Italian, Japanese, Polish, Portuguese (Brazil), Russian, Spanish, Spanish (Mexico)']",[]
Tom Clancy's Rainbow Six Siege Deluxe Edition,Ubisoft Entertainment,4.3,280226 ratings,$39.99,,,Save 60%Offer ends 4/10/2025 06:59 AM UTC,,3/12/2024,,"['PS4', 'PS5', 'PS4', 'PS5', 'PS4', 'PS5', 'PS4', 'PS5', 'PS4', 'PS5', 'PS4', 'PS5']","['PS Plus required for online play', 'In-game purchases optional', 'Supports up to 10 online players with PS Plus', 'Online play optional', '1 player', 'PS5 VersionVibration function and trigger effect supported (DualSense wireless controller)', 'PS Plus required for online play', 'In-game purchases optional', 'Supports up to 10 online players with PS Plus', 'Online play optional', '1 player', 'PS5 VersionVibration function and trigger effect supported (DualSense wireless controller)']","['Blood, Drug Reference, Strong Language, ViolenceIn-Game Purchases (Includes Random Items), Users Interact']","['72%', '10%', '5%', '2%', '11%']","['Arabic, Chinese (Simplified), Chinese (Traditional), Czech, Dutch, English, French (France), German, Italian, Japanese, Korean, Polish, Portuguese (Brazil), Russian, Spanish, Spanish (Mexico), Thai, Turkish', 'Arabic, Chinese (Simplified), Chinese (Traditional), Czech, Dutch, English, French (France), German, Italian, Japanese, Korean, Polish, Portuguese (Brazil), Portuguese (Portugal), Russian, Spanish, Spanish (Mexico), Turkish']","['English, French (France), German, Italian, Japanese, Portuguese (Brazil), Russian, Spanish, Spanish (Mexico)', 'English, French (France), Portuguese (Brazil), Spanish, Spanish (Mexico)']"
Wuthering Waves,HK KURO GAMES LIMITED,4.36,15176 ratings,Free,,,,,1/1/2025,,['PS5'],"['In-game purchases optional', 'Online play required', '3 online players', 'Remote Play supported', 'PS5 VersionVibration function supported (DualSense wireless controller)', 'PS5 game streaming supported only with Premium subscription', 'In-game purchases optional', 'Online play required', '3 online players', 'Remote Play supported', 'PS5 VersionVibration function supported (DualSense wireless controller)', 'PS5 game streaming supported only with Premium subscription']","['Suggestive Themes, ViolenceIn-Game Purchases (Includes Random Items), Users Interact']","['77%', '6%', '3%', '2%', '12%']","['Chinese (Simplified), Chinese (Traditional), English, French (France), German, Japanese, Korean, Spanish']",[]
Atomfall PS4™ & PS5™,Rebellion,4.29,853 ratings,$59.99,,,,,3/27/2025,,"['PS4', 'PS5', 'Standard', 'PS5 Pro Enhanced', 'PS4', 'PS5', 'PS4', 'PS5']","['Offline play enabled', '1 player', 'PS5 VersionVibration function and trigger effect supported (DualSense wireless controller)', 'PS5 Pro Enhanced', 'Offline play enabled', '1 player', 'PS5 VersionVibration function and trigger effect supported (DualSense wireless controller)', 'PS5 Pro Enhanced']","['Blood, Language, ViolenceIn-Game Purchases']","['69%', '13%', '4%', '6%', '8%']","['Chinese (Simplified), Chinese (Traditional), English, French (France), German, Italian, Japanese, Korean, Polish, Portuguese (Brazil), Russian, Spanish']",[]
Mortal Kombat™ 1,Warner Bros. Interactive,4.29,35534 ratings,$16.49,$49.99,Save 67%,Save 67%Offer ends 4/10/2025 06:59 AM UTC,Offer ends 4/10/2025 06:59 AM UTC,9/19/2023,,"['PS5', 'Standard Edition', 'PS5 Pro Enhanced']","['PS Plus required for online play', 'In-game purchases optional', 'Supports up to 8 online players with PS Plus', 'Online play optional', '1 - 2 players', 'PS5 VersionVibration function and trigger effect supported (DualSense wireless controller)', 'PS5 Pro Enhanced', 'PS5 game streaming supported only with Premium subscriptionView All', 'PS Plus required for online play', 'In-game purchases optional', 'Supports up to 8 online players with PS Plus', 'Online play optional', '1 - 2 players', 'PS5 VersionVibration function and trigger effect supported (DualSense wireless controller)', 'PS5 Pro Enhanced', 'PS5 game streaming supported only with Premium subscriptionView All']","['Blood and Gore, Intense Violence, Strong LanguageIn-Game Purchases, Users Interact']","['67%', '16%', '6%', '3%', '9%']","['English, French (France), German, Italian, Polish, Portuguese (Brazil), Russian, Spanish, Spanish (Mexico)']",[]
Warframe®,Digital Extremes,4.35,679907 ratings,Free,,,,,11/26/2020,,"['PS5', 'Warframe (PS5)', 'PS5 Pro Enhanced', 'PS5', 'PS4']","['In-game purchases optional', 'Online play required', '8 online players', 'Remote Play supported', 'PS5 VersionVibration function and trigger effect required', 'PS5 Pro Enhanced', 'PS5 game streaming supported only with Premium subscription', 'PS4 VersionPS4 Pro EnhancedView All PS5 & PS4 Compatibility Notices', 'In-game purchases optional', 'Online play required', '8 online players', 'Remote Play supported', 'PS5 VersionVibration function and trigger effect required', 'PS5 Pro Enhanced', 'PS5 game streaming supported only with Premium subscription', 'PS4 VersionPS4 Pro EnhancedView All PS5 & PS4 Compatibility Notices']","['Blood and Gore, Language, ViolenceIn-Game Purchases, Users Interact']","['67%', '15%', '9%', '2%', '7%']","['English, French (France), German, Italian, Spanish']",[]
BLEACH Rebirth of Souls PS4 & PS5,Bandai Namco Entertainment America Inc.,4.56,2952 ratings,$59.99,,,,,3/21/2025,,"['PS4', 'PS5', 'Standard Edition', 'PS4', 'PS5', 'PS4', 'PS5', 'PS4', 'PS5']","['PS Plus required for online play', 'Supports up to 2 online players with PS Plus', 'Online play optional', '1 - 2 players', 'Remote Play supported', 'PS Plus required for online play', 'Supports up to 2 online players with PS Plus', 'Online play optional', '1 - 2 players', 'Remote Play supported']","['Mild Blood, Mild Language, Suggestive Themes, ViolenceIn-Game Purchases']","['81%', '7%', '3%', '2%', '6%']","['English, French (France), Portuguese (Brazil), Spanish (Mexico)']",[]
PGA TOUR 2K25,2K,3.22,2103 ratings,$69.99,,,Demo,,2/28/2025,,"['PS5', 'Standard Edition']","['PS Plus required for online play', 'In-game purchases optional', 'Supports up to 4 online players with PS Plus', 'Online play optional', '1 - 4 players', 'PS5 VersionVibration function supported (DualSense wireless controller)', 'PS5 game streaming supported only with Premium subscription', 'PS Plus required for online play', 'In-game purchases optional', 'Supports up to 4 online players with PS Plus', 'Online play optional', '1 - 4 players', 'PS5 VersionVibration function supported (DualSense wireless controller)', 'PS5 game streaming supported only with Premium subscription']","['Alcohol Reference, Mild LanguageIn-Game Purchases, Users Interact']","['42%', '11%', '9%', '5%', '33%']","['Chinese (Simplified), Chinese (Traditional), English, French (France), German, Italian, Japanese, Korean, Spanish']",[]
Marvel’s Spider-Man 2,Sony Interactive Entertainment,4.8,177745 ratings,$39.89,$69.99,Save 43%,Save 43%Offer ends 4/10/2025 06:59 AM UTC,Offer ends 4/10/2025 06:59 AM UTC,10/20/2023,,"['PS5', 'Standard Edition', 'PS5 Pro Enhanced']","['1 player', 'PS5 VersionVibration function and trigger effect supported (DualSense wireless controller)', 'PS5 Pro Enhanced', 'Game Help supported', 'PS5 game streaming supported only with Premium subscription', '1 player', 'PS5 VersionVibration function and trigger effect supported (DualSense wireless controller)', 'PS5 Pro Enhanced', 'Game Help supported', 'PS5 game streaming supported only with Premium subscription']","['Blood, Drug Reference, Mild Language, ViolenceIn-Game Purchases']","['89%', '6%', '2%', '1%', '2%']","['English, French (France), Portuguese (Brazil), Spanish (Mexico)']",[]
Red Dead Redemption 2,Rockstar Games,4.74,340702 ratings,$14.99,$59.99,Save 75%,Save 75%Offer ends 4/10/2025 06:59 AM UTC,Offer ends 4/10/2025 06:59 AM UTC,10/26/2018,,"['PS4', 'Standard Edition']","['PS Plus required for online play', 'In-game purchases optional', 'Supports up to 32 online players with PS Plus', 'Online play optional', '1 player', 'Remote Play supported', 'PS4 VersionPS4 Pro Enhanced', 'DUALSHOCK\xa04 vibrationView All', 'PS Plus required for online play', 'In-game purchases optional', 'Supports up to 32 online players with PS Plus', 'Online play optional', '1 player', 'Remote Play supported', 'PS4 VersionPS4 Pro Enhanced', 'DUALSHOCK\xa04 vibrationView All']","['Blood and Gore, Intense Violence, Nudity, Sexual Content, Strong Language, Use of Drugs and AlcoholIn-Game Purchases, Users Interact']","['89%', '4%', '2%', '1%', '4%']","['Chinese (Simplified), Chinese (Traditional), English, French (France), German, Italian, Korean, Polish, Portuguese (Brazil), Russian, Spanish, Spanish (Mexico)']",[]
HELLDIVERS™ 2,Sony Interactive Entertainment,4.46,116242 ratings,$31.99,$39.99,Save 20%,Save 20%Offer ends 4/10/2025 06:59 AM UTC,Offer ends 4/10/2025 06:59 AM UTC,2/8/2024,,"['PS5', 'Standard Edition']","['PS Plus required for online play', 'In-game purchases optional', 'Online play required', 'Supports up to 4 online players with PS Plus', 'Remote Play supported', 'PS5 VersionVibration function and trigger effect supported (DualSense wireless controller)', 'PS5 game streaming supported only with Premium subscription', 'PS Plus required for online play', 'In-game purchases optional', 'Online play required', 'Supports up to 4 online players with PS Plus', 'Remote Play supported', 'PS5 VersionVibration function and trigger effect supported (DualSense wireless controller)', 'PS5 game streaming supported only with Premium subscription']","['Blood and Gore, Intense ViolenceIn-Game Purchases, Users Interact']","['78%', '8%', '3%', '2%', '9%']","['English, French (France), Portuguese (Brazil), Spanish (Mexico)']",[]
ELDEN RING PS4 & PS5,Bandai Namco Entertainment America Inc.,4.7,139318 ratings,$35.99,$59.99,Save 40%,Save 40%Offer ends 4/10/2025 06:59 AM UTC,Offer ends 4/10/2025 06:59 AM UTC,2/25/2022,,"['PS4', 'PS5', 'Standard Edition', 'PS4', 'PS5', 'PS4', 'PS5', 'PS4', 'PS5', 'PS4', 'PS5']","['PS Plus required for online play', 'Supports up to 6 online players with PS Plus', '1 player', 'PS Plus required for online play', 'Supports up to 6 online players with PS Plus', '1 player']","['Blood and Gore, Language, Suggestive Themes, ViolenceIn-Game Purchases']","['89%', '3%', '1%', '1%', '5%']","['English, French (France), Portuguese (Brazil), Spanish']",[]
Destiny 2 PS4™ & PS5™,Bungie,4.26,307825 ratings,Free,,,,,12/8/2020,,"['PS4', 'PS5']","['In-game purchases optional', 'Online play required', '16 online players', 'PS5 VersionPS5 game streaming supported only with Premium subscription', 'In-game purchases optional', 'Online play required', '16 online players', 'PS5 VersionPS5 game streaming supported only with Premium subscription']","['Blood, Game Experience May Change During Online Play, Language, Violence']","['70%', '11%', '7%', '2%', '11%']","['Chinese (Simplified), Chinese (Traditional), English, French (France), German, Italian, Japanese, Korean, Polish, Portuguese (Brazil), Russian, Spanish, Spanish (Mexico)']",[]
The Elder Scrolls Online,Bethesda Softworks,4.34,75333 ratings,$4.99,$19.99,Save 75%,Save 75%Offer ends 4/24/2025 06:59 AM UTC,Offer ends 4/24/2025 06:59 AM UTC,6/15/2021,,"['PS4', 'PS5', 'Base Game Edition', 'PS5', 'PS4', 'PS5', 'PS4', 'PS5', 'PS4', 'PS4', 'PS5']","['PS Plus required for online play', 'In-game purchases optional', 'Online play required', 'Supports up to 99 online players with PS Plus', 'PS5 VersionVibration function and trigger effect required', 'PS5 game streaming supported only with Premium subscription', 'PS Plus required for online play', 'In-game purchases optional', 'Online play required', 'Supports up to 99 online players with PS Plus', 'PS5 VersionVibration function and trigger effect required', 'PS5 game streaming supported only with Premium subscription']","['Blood and Gore, Sexual Themes, Use of Alcohol, ViolenceIn-Game Purchases (Includes Random Items), Users Interact']","['70%', '14%', '6%', '2%', '9%']","['Chinese (Simplified), English, French (France), German, Japanese, Russian, Spanish']",[]
Forza Horizon 5 Standard Edition,Microsoft Corporation,,,$59.99,,,,,4/29/2025,,"['PS5', 'Standard Edition', 'PS5 Pro Enhanced']","['PS Plus required for online play', 'Supports up to 12 online players with PS Plus', 'Online play optional', '1 player', 'PS5 VersionVibration function and trigger effect supported (DualSense wireless controller)', 'PS5 Pro Enhanced', 'PS Plus required for online play', 'Supports up to 12 online players with PS Plus', 'Online play optional', '1 player', 'PS5 VersionVibration function and trigger effect supported (DualSense wireless controller)', 'PS5 Pro Enhanced']","['In-Game Purchases, Users Interact']",[],[],[]
The Sims™ 4,Electronic Arts Inc,3.89,112441 ratings,Free,,,,,11/17/2017,,"['PS4', 'The Sims™ 4']","['In-game purchases optional', 'Remote Play supported', 'In-game purchases optional', 'Remote Play supported']","['Crude Humor, Game Experience May Change During Online Play, Sexual Themes, Violence']","['57%', '13%', '10%', '3%', '17%']","['Chinese (Traditional), English, French (France), Portuguese (Brazil), Spanish']",[]
Rocket League®,Psyonix Inc,4.33,1282794 ratings,Free,,,,,7/7/2015,,['PS4'],"['In-game purchases optional', 'Online play optional', '1 - 4 players', '8 online players', 'Remote Play supported', 'PS4 VersionDUALSHOCK\xa04 vibration', 'In-game purchases optional', 'Online play optional', '1 - 4 players', '8 online players', 'Remote Play supported', 'PS4 VersionDUALSHOCK\xa04 vibration']","['Game Experience May Change During Online Play, Mild Lyrics']","['70%', '12%', '9%', '1%', '9%']","['Dutch, English, French (France), German, Italian, Japanese, Korean, Polish, Portuguese (Portugal), Russian, Spanish, Turkish']",[]
HITMAN World of Assassination,IO Interactive A/S,4.38,41395 ratings,$27.99,$69.99,Save 60%,Save 60%Offer ends 4/10/2025 06:59 AM UTC,Offer ends 4/10/2025 06:59 AM UTC,1/26/2023,,"['PS4', 'PS5', 'World of Assassination', 'PS5 Pro Enhanced', 'PS4', 'PS5', 'PS4', 'PS5', 'PS4', 'PS5', 'PS4', 'PS5', 'PS4', 'PS5', 'PS4', 'PS5']","['In-game purchases optional', 'Online play optional', '1 player', '1 online player', 'Remote Play supported', 'PS5 VersionVR play styles: sitting, standing, roomscale', 'PlayStation\xa0VR2 optional', 'PS VR2 Sense controllers optionalView All PS5 & PS4 Compatibility Notices', 'In-game purchases optional', 'Online play optional', '1 player', '1 online player', 'Remote Play supported', 'PS5 VersionVR play styles: sitting, standing, roomscale', 'PlayStation\xa0VR2 optional', 'PS VR2 Sense controllers optionalView All PS5 & PS4 Compatibility Notices']","['Blood, Intense Violence, Sexual Themes, Strong Language, Use of Drugs and AlcoholIn-Game Purchases']","['72%', '11%', '8%', '1%', '8%']","['Chinese (Simplified), Chinese (Traditional), English, French (France), German, Italian, Russian, Spanish', 'Chinese (Traditional), English, French (France), German, Italian, Russian, Spanish']","['English', 'English']"
TEKKEN 8,Bandai Namco Entertainment America Inc.,4.47,16488 ratings,$59.99,,,Demo,,1/25/2024,,"['PS5', 'Standard Edition']","['PS Plus required for online play', 'In-game purchases optional', 'Supports up to 16 online players with PS Plus', 'Online play optional', '1 - 2 players', 'Remote Play supported', 'PS5 VersionVibration function supported (DualSense wireless controller)', 'PS Plus required for online play', 'In-game purchases optional', 'Supports up to 16 online players with PS Plus', 'Online play optional', '1 - 2 players', 'Remote Play supported', 'PS5 VersionVibration function supported (DualSense wireless controller)']","['Language, Suggestive Themes, ViolenceIn-Game Purchases, Users Interact']","['79%', '7%', '5%', '1%', '8%']","['English, French (France), Portuguese (Brazil), Spanish (Mexico)']",[]
Baldur's Gate 3,Larian Studios Games Ltd,4.81,79285 ratings,$55.99,$69.99,Save 20%,Save 20%Offer ends 4/10/2025 06:59 AM UTC,Offer ends 4/10/2025 06:59 AM UTC,9/6/2023,,"['PS5', 'Base Game', 'PS5 Pro Enhanced']","['PS Plus required for online play', 'Supports up to 4 online players with PS Plus', 'Online play optional', '1 - 2 players', 'PS5 VersionVibration function supported (DualSense wireless controller)', 'PS5 Pro Enhanced', 'PS5 game streaming supported only with Premium subscription', 'PS Plus required for online play', 'Supports up to 4 online players with PS Plus', 'Online play optional', '1 - 2 players', 'PS5 VersionVibration function supported (DualSense wireless controller)', 'PS5 Pro Enhanced', 'PS5 game streaming supported only with Premium subscription']","['Blood and Gore, Intense Violence, Nudity, Strong Language, Strong Sexual ContentUsers Interact']","['92%', '3%', '1%', '1%', '3%']","['Chinese (Simplified), Chinese (Traditional), English, French (France), German, Italian, Japanese, Polish, Portuguese (Brazil), Russian, Spanish, Spanish (Mexico), Turkish, Ukrainian']",[]
Indiana Jones and the Great Circle,Bethesda Softworks,,,$69.99,,,,,4/17/2025,,"['PS5', 'Standard Edition', 'PS5 Pro Enhanced']","['1 player', 'Remote Play supported', 'PS5 VersionVibration function and trigger effect supported (DualSense wireless controller)', 'PS5 Pro Enhanced', '1 player', 'Remote Play supported', 'PS5 VersionVibration function and trigger effect supported (DualSense wireless controller)', 'PS5 Pro Enhanced']","['Blood and Gore, Drug Reference, Mild Language, Violence']",[],[],[]
Kingdom Come: Deliverance II Gold Edition,Deep Silver,4.62,16687 ratings,$80.99,$89.99,Save 10%,Save 10%Offer ends 4/10/2025 06:59 AM UTC,Offer ends 4/10/2025 06:59 AM UTC,2/4/2025,,"['PS5', 'Gold Edition', 'PS5 Pro Enhanced']","['In-game purchases optional', 'Offline play enabled', '1 player', 'PS5 VersionVibration function and trigger effect supported (DualSense wireless controller)', 'PS5 Pro Enhanced', 'PS5 game streaming supported only with Premium subscription', 'In-game purchases optional', 'Offline play enabled', '1 player', 'PS5 VersionVibration function and trigger effect supported (DualSense wireless controller)', 'PS5 Pro Enhanced', 'PS5 game streaming supported only with Premium subscription']","['Blood and Gore, Intense Violence, Partial Nudity, Sexual Content, Strong Language, Use of Alcohol']","['87%', '3%', '1%', '1%', '7%']","['Chinese (Simplified), Chinese (Traditional), Czech, English, French (France), German, Italian, Japanese, Korean, Polish, Portuguese (Brazil), Russian, Spanish, Turkish, Ukrainian']",[]
The Crew Motorfest Cross-Gen Bundle,Ubisoft Entertainment,4.16,64908 ratings,Free,,Trial,Trial,,9/14/2023,,"['PS4', 'PS5', 'Cross-Gen Bundle', 'PS5 Pro Enhanced', 'PS4', 'PS5', 'PS4', 'PS4', 'PS5', 'PS4', 'PS5', 'PS4', 'PS5']","['PS Plus required for online play', 'In-game purchases optional', 'Online play required', 'Supports up to 32 online players with PS Plus', 'Remote Play supported', 'PS5 VersionVibration function and trigger effect supported (DualSense wireless controller)', 'PS5 Pro Enhanced', 'PS Plus required for online play', 'In-game purchases optional', 'Online play required', 'Supports up to 32 online players with PS Plus', 'Remote Play supported', 'PS5 VersionVibration function and trigger effect supported (DualSense wireless controller)', 'PS5 Pro Enhanced']","['Lyrics, Mild ViolenceIn-Game Purchases, Users Interact']","['66%', '11%', '8%', '2%', '12%']","['English, French (France), Portuguese (Brazil), Spanish']",[]
Gran Turismo® 7,Sony Interactive Entertainment,4.37,36555 ratings,$69.99,,,,,3/4/2022,,"['PS4', 'PS5', 'Standard Edition', 'PS5 Pro Enhanced', 'PS4', 'PS5', 'PS4', 'PS4', 'PS5']","['PS Plus required for online play', 'In-game purchases optional', 'Supports up to 20 online players with PS Plus', 'Online play optional', '1 - 2 players', 'Remote Play supported', 'PS5 VersionVR play styles: sitting, standing, roomscale', 'PlayStation\xa0VR2 optionalView All PS5 & PS4 Compatibility Notices', 'PS Plus required for online play', 'In-game purchases optional', 'Supports up to 20 online players with PS Plus', 'Online play optional', '1 - 2 players', 'Remote Play supported', 'PS5 VersionVR play styles: sitting, standing, roomscale', 'PlayStation\xa0VR2 optionalView All PS5 & PS4 Compatibility Notices']","['Alcohol Reference, Use of TobaccoIn-Game Purchases, Users Interact']","['72%', '12%', '5%', '2%', '9%']","['English, French (France), Japanese, Portuguese (Brazil), Spanish (Mexico)']",[]
Overwatch® 2 - Season 15: Honor and Glory,"Blizzard Entertainment, Inc.",4.16,223353 ratings,Free,,,,,10/4/2022,,"['PS5', 'PS5', 'PS4']","['In-game purchases optional', 'Online play required', '10 online players', 'PS5 VersionVibration function supported (DualSense wireless controller)', 'In-game purchases optional', 'Online play required', '10 online players', 'PS5 VersionVibration function supported (DualSense wireless controller)']","['Blood, Mild Language, Use of Tobacco, ViolenceIn-Game Purchases (Includes Random Items), Users Interact']","['68%', '10%', '5%', '2%', '14%']","['Chinese (Simplified), Chinese (Traditional), English, French (France), German, Italian, Japanese, Korean, Polish, Portuguese (Brazil), Portuguese (Portugal), Russian, Spanish, Spanish (Mexico), Turkish']",[]
Cyberpunk 2077,CD PROJEKT SA,4.46,141811 ratings,$24.99,$49.99,Save 50%,Save 50%Offer ends 4/10/2025 06:59 AM UTC,Offer ends 4/10/2025 06:59 AM UTC,2/15/2022,,"['PS4', 'PS5', 'PS5', 'PS4', 'PS4', 'PS5']","['1 player', 'Remote Play supported', 'PS5 VersionVibration function and trigger effect supported (DualSense wireless controller)', 'Game Help supported', 'PS5 game streaming supported only with Premium subscription', '1 player', 'Remote Play supported', 'PS5 VersionVibration function and trigger effect supported (DualSense wireless controller)', 'Game Help supported', 'PS5 game streaming supported only with Premium subscription']","['Blood and Gore, Intense Violence, Nudity, Strong Language, Strong Sexual Content, Use of Drugs and Alcohol']","['77%', '10%', '3%', '2%', '8%']","['English, French (France), Polish, Portuguese (Brazil), Spanish, Spanish (Mexico)', 'English, French (France), Polish, Portuguese (Brazil), Spanish']","['English, French (France), Polish, Portuguese (Brazil), Spanish', 'English, French (France), Portuguese (Brazil)']"
Fallout 76,Bethesda Softworks,3.6,57776 ratings,$39.99,,,Subscribe to PlayStation Plus Extra to access this game and hundreds more in the Game Catalog,,11/14/2018,,"['PS4', 'Standard Edition']","['PS Plus required for online play', 'In-game purchases optional', 'Online play required', 'Supports up to 24 online players with PS Plus', 'Remote Play supported', 'PS4 VersionPS4 Pro Enhanced', 'DUALSHOCK\xa04 vibration', 'PS Plus required for online play', 'In-game purchases optional', 'Online play required', 'Supports up to 24 online players with PS Plus', 'Remote Play supported', 'PS4 VersionPS4 Pro Enhanced', 'DUALSHOCK\xa04 vibration']","['Blood and Gore, Drug Reference, Intense Violence, Strong Language, Suggestive Themes, Use of AlcoholIn-Game Purchases, Users Interact']","['50%', '13%', '8%', '6%', '23%']","['English, French (France), Portuguese (Brazil), Spanish']",[]
Zenless Zone Zero,COGNOSPHERE PTE. LTD.,4.37,41876 ratings,Free,,,,,7/4/2024,,"['PS5', 'PS5 Pro Enhanced']","['In-game purchases optional', 'Online play required', '4 online players', 'PS5 VersionPS5 Pro Enhanced', 'PS5 game streaming supported only with Premium subscription', 'In-game purchases optional', 'Online play required', '4 online players', 'PS5 VersionPS5 Pro Enhanced', 'PS5 game streaming supported only with Premium subscription']","['Suggestive Themes, ViolenceIn-Game Purchases (Includes Random Items), Users Interact']","['74%', '9%', '5%', '2%', '9%']","['Chinese (Simplified), Chinese (Traditional), English, French (France), German, Japanese, Korean, Portuguese (Brazil), Russian, Spanish (Mexico), Thai, Vietnamese']",[]
Infinity Nikki,INFOLD PTE. LTD.,4.07,10771 ratings,Free,,,,,12/5/2024,,['PS5'],"['In-game purchases optional', 'Online play required', '1 online player', 'PS5 VersionVibration function and trigger effect supported (DualSense wireless controller)', 'PS5 game streaming supported only with Premium subscription', 'In-game purchases optional', 'Online play required', '1 online player', 'PS5 VersionVibration function and trigger effect supported (DualSense wireless controller)', 'PS5 game streaming supported only with Premium subscription']","['Blood, ViolenceIn-Game Purchases (Includes Random Items), Users Interact']","['66%', '9%', '7%', '3%', '16%']","['Chinese (Simplified), Chinese (Traditional), English, French (France), German, Italian, Japanese, Korean, Portuguese (Brazil), Spanish (Mexico), Thai']",[]
Dead by Daylight PS4® & PS5®,Starbreeze Publishing AB,4.17,118122 ratings,$11.99,$29.99,Save 60%,Save 60%Offer ends 4/10/2025 06:59 AM UTC,Offer ends 4/10/2025 06:59 AM UTC,11/12/2020,,"['PS4', 'PS5', 'PS4', 'PS5', 'PS4', 'PS5']","['PS Plus required for online play', 'In-game purchases optional', 'Online play required', 'Supports up to 5 online players with PS Plus', 'PS5 VersionPS5 game streaming supported only with Premium subscription', 'PS Plus required for online play', 'In-game purchases optional', 'Online play required', 'Supports up to 5 online players with PS Plus', 'PS5 VersionPS5 game streaming supported only with Premium subscription']","['Blood and Gore, Game Experience May Change During Online Play, Intense Violence, Strong Language']","['66%', '13%', '6%', '2%', '13%']","['Chinese (Simplified), Chinese (Traditional), English, French (France), German, Italian, Japanese, Korean, Portuguese (Brazil), Spanish', 'English, French (France), Portuguese (Brazil), Spanish, Swedish']","['English, French (France), Japanese']"
War Thunder,Gaijin Distribution KFT,4.14,368217 ratings,Free,,,PlayStation Plus Exclusive,,11/17/2020,,"['PS5', 'PS5 Pro Enhanced', 'PS4', 'PS5', 'PS4', 'PS5', 'PS4', 'PS5', 'PS4', 'PS5', 'PS4', 'PS5', 'PS4', 'PS5', 'PS4', 'PS5', 'PS4', 'PS5', 'PS4', 'PS5', 'PS5', 'PS5', 'PS4']","['In-game purchases optional', 'Online play required', '32 online players', 'Remote Play supported', 'PS5 VersionVibration function required', 'PS5 Pro Enhanced', 'PS5 game streaming supported only with Premium subscription', 'In-game purchases optional', 'Online play required', '32 online players', 'Remote Play supported', 'PS5 VersionVibration function required', 'PS5 Pro Enhanced', 'PS5 game streaming supported only with Premium subscription']","['ViolenceIn-Game Purchases, Users Interact']","['61%', '15%', '11%', '3%', '11%']","['English, French (France), German, Italian, Spanish']",[]
VALORANT,RIOT GAMES,3.59,58906 ratings,Free,,,,,8/2/2024,,['PS5'],"['In-game purchases optional', 'Online play required', '10 online players', 'PS5 VersionVibration function supported (DualSense wireless controller)', 'PS5 game streaming supported only with Premium subscription', 'In-game purchases optional', 'Online play required', '10 online players', 'PS5 VersionVibration function supported (DualSense wireless controller)', 'PS5 game streaming supported only with Premium subscription']","['Blood, Language, ViolenceIn-Game Purchases, Users Interact']","['53%', '10%', '6%', '3%', '27%']","['Arabic, Chinese (Traditional), English, French (France), German, Italian, Japanese, Korean, Polish, Portuguese (Brazil), Russian, Spanish, Spanish (Mexico), Thai, Turkish, Vietnamese']",[]
ARK: Survival Ascended,WILDCARD PROPERTIES,3.72,21599 ratings,$22.49,$44.99,Save 50%,Save 50%Offer ends 4/10/2025 06:59 AM UTC,Offer ends 4/10/2025 06:59 AM UTC,11/30/2023,,['PS5'],"['PS Plus required for online play', 'In-game purchases optional', 'Supports up to 70 online players with PS Plus', 'Online play optional', '1 - 2 players', 'Remote Play supported', 'PS5 VersionVibration function and trigger effect supported (DualSense wireless controller)', 'PS5 game streaming supported only with Premium subscriptionView All', 'PS Plus required for online play', 'In-game purchases optional', 'Supports up to 70 online players with PS Plus', 'Online play optional', '1 - 2 players', 'Remote Play supported', 'PS5 VersionVibration function and trigger effect supported (DualSense wireless controller)', 'PS5 game streaming supported only with Premium subscriptionView All']","['Blood, Crude Humor, Use of Alcohol, ViolenceIn-Game Purchases, Users Interact']","['56%', '11%', '6%', '5%', '23%']","['Chinese (Simplified), Danish, Dutch, English, French (France), German, Italian, Japanese, Portuguese (Brazil), Russian, Spanish, Turkish']",[]
Hogwarts Legacy PS5 Version,Warner Bros. Interactive,4.49,69623 ratings,$17.49,$69.99,Save 75%,Save 75%Offer ends 4/10/2025 06:59 AM UTC,Offer ends 4/10/2025 06:59 AM UTC,2/10/2023,,"['PS5', 'Standard Edition', 'PS5 Pro Enhanced', 'PS5', 'PS4', 'PS4', 'PS5', 'PS4', 'PS5']","['In-game purchases optional', 'Offline play enabled', '1 player', 'Remote Play supported', 'PS5 VersionVibration function and trigger effect supported (DualSense wireless controller)', 'PS5 Pro Enhanced', 'PS5 game streaming supported only with Premium subscription', 'In-game purchases optional', 'Offline play enabled', '1 player', 'Remote Play supported', 'PS5 VersionVibration function and trigger effect supported (DualSense wireless controller)', 'PS5 Pro Enhanced', 'PS5 game streaming supported only with Premium subscription']","['Blood, Fantasy Violence, Mild Language, Use of AlcoholIn-Game Purchases']","['72%', '16%', '6%', '2%', '4%']","['Chinese (Simplified), Chinese (Traditional), English, French (France), Japanese, Korean, Portuguese (Brazil), Spanish (Mexico)']",[]
ASTRO BOT,Sony Interactive Entertainment,4.85,47336 ratings,$59.99,,,,,9/6/2024,,"['PS5', 'Standard Edition']","['Online play optional', '1 player', '1 online player', 'Remote Play supported', 'PS5 VersionVibration function and trigger effect supported (DualSense wireless controller)', 'PS5 game streaming supported only with Premium subscription', 'Online play optional', '1 player', '1 online player', 'Remote Play supported', 'PS5 VersionVibration function and trigger effect supported (DualSense wireless controller)', 'PS5 game streaming supported only with Premium subscription']","['Crude Humor, Fantasy Violence']","['94%', '2%', '2%', '0%', '2%']","['Arabic, Chinese (Simplified), Chinese (Traditional), Czech, Danish, Dutch, English, Finnish, French (Canada), French (France), German, Greek, Hungarian, Italian, Japanese, Korean, Norwegian, Polish, Portuguese (Brazil), Portuguese (Portugal), Romanian, Russian, Spanish, Spanish (Mexico), Swedish, Thai, Turkish, Ukrainian, Vietnamese']",[]
"Warhammer 40,000: Space Marine 2 - Ultra Edition",Focus Entertainment,4.43,20761 ratings,$71.49,$109.99,Save 35%,Save 35%Offer ends 4/10/2025 06:59 AM UTC,Offer ends 4/10/2025 06:59 AM UTC,9/9/2024,,"['PS5', 'Ultra Edition', 'PS5 Pro Enhanced']","['PS Plus required for online play', 'Supports up to 12 online players with PS Plus', 'Online play optional', '1 player', 'PS5 VersionVibration function and trigger effect supported (DualSense wireless controller)', 'PS5 Pro Enhanced', 'PS5 game streaming supported only with Premium subscription', 'PS Plus required for online play', 'Supports up to 12 online players with PS Plus', 'Online play optional', '1 player', 'PS5 VersionVibration function and trigger effect supported (DualSense wireless controller)', 'PS5 Pro Enhanced', 'PS5 game streaming supported only with Premium subscription']","['Blood and Gore, Intense ViolenceUsers Interact']","['76%', '10%', '4%', '3%', '8%']","['Chinese (Simplified), Chinese (Traditional), Czech, English, French (France), German, Italian, Japanese, Korean, Polish, Portuguese (Brazil), Russian, Spanish, Spanish (Mexico), Thai, Turkish, Ukrainian']",[]
Sea of Thieves,Microsoft Corporation,4.24,16329 ratings,$23.99,$39.99,Save 40%,Save 40%Offer ends 4/10/2025 06:59 AM UTC,Offer ends 4/10/2025 06:59 AM UTC,4/30/2024,,"['PS5', 'Standard Edition']","['PS Plus required for online play', 'In-game purchases optional', 'Online play required', 'Supports up to 24 online players with PS Plus', 'PS5 VersionVibration function required', 'Trigger effect supported (DualSense wireless controller)', 'PS5 game streaming supported only with Premium subscription', 'PS Plus required for online play', 'In-game purchases optional', 'Online play required', 'Supports up to 24 online players with PS Plus', 'PS5 VersionVibration function required', 'Trigger effect supported (DualSense wireless controller)', 'PS5 game streaming supported only with Premium subscription']","['Crude Humor, Use of Alcohol, ViolenceIn-Game Purchases, Users Interact']","['71%', '10%', '3%', '2%', '13%']","['Chinese (Simplified), Chinese (Traditional), English, French (France), German, Italian, Japanese, Korean, Polish, Portuguese (Brazil), Russian, Spanish, Spanish (Mexico), Thai, Turkish']",[]
The First Descendant,NEXON,4,49300 ratings,Free,,,,,6/30/2024,,"['PS4', 'PS5', 'The First Descendant', 'PS5 Pro Enhanced']","['In-game purchases optional', 'Online play required', '4 online players', 'Remote Play supported', 'PS5 VersionVibration function and trigger effect supported (DualSense wireless controller)', 'PS5 Pro Enhanced', 'PS5 game streaming supported only with Premium subscription', 'In-game purchases optional', 'Online play required', '4 online players', 'Remote Play supported', 'PS5 VersionVibration function and trigger effect supported (DualSense wireless controller)', 'PS5 Pro Enhanced', 'PS5 game streaming supported only with Premium subscription']","['Blood, Strong Language, Suggestive Themes, ViolenceIn-Game Purchases (Includes Random Items), Users Interact']","['58%', '15%', '10%', '4%', '13%']","['Chinese (Simplified), Chinese (Traditional), English, French (France), German, Italian, Japanese, Korean, Polish, Portuguese (Brazil), Russian, Spanish']",[]
Black Myth: Wukong,"Game Science Interactive Technology Co., Ltd.",4.5,180411 ratings,$59.99,,,Subscribe to PlayStation Plus Premium to play a 2-hour full game trial,,8/20/2024,,"['PS5', 'Standard Edition', 'PS5 Pro Enhanced']","['Offline play enabled', '1 player', 'Remote Play supported', 'PS5 VersionVibration function supported (DualSense wireless controller)', 'PS5 Pro Enhanced', 'PS5 game streaming supported only with Premium subscription', 'Offline play enabled', '1 player', 'Remote Play supported', 'PS5 VersionVibration function supported (DualSense wireless controller)', 'PS5 Pro Enhanced', 'PS5 game streaming supported only with Premium subscription']","['Blood and Gore, Language, Partial Nudity, Violence']","['82%', '5%', '3%', '1%', '9%']","['Chinese (Simplified), Chinese (Traditional), English, French (France), German, Italian, Japanese, Korean, Polish, Portuguese (Brazil), Russian, Spanish, Thai, Turkish']",[]
theHunter: Call of the Wild™,Avalanche Studios Group AB,4.38,28024 ratings,$8.99,$29.99,Save 70%,Save 70%Offer ends 4/24/2025 06:59 AM UTC,Offer ends 4/24/2025 06:59 AM UTC,10/2/2017,,['PS4'],"['PS Plus required for online play', 'Supports up to 8 online players with PS Plus', 'Online play optional', '1 player', 'PS4 VersionPS4 Pro Enhanced', 'DUALSHOCK\xa04 vibration', 'PS Plus required for online play', 'Supports up to 8 online players with PS Plus', 'Online play optional', '1 player', 'PS4 VersionPS4 Pro Enhanced', 'DUALSHOCK\xa04 vibration']","['Blood, Game Experience May Change During Online Play, Violence']","['73%', '11%', '5%', '2%', '9%']","['Chinese (Simplified), English, French (France), Japanese, Spanish']",[]
Phasmophobia,Kinetic Games Limited,4.68,17147 ratings,$19.99,,,,,10/29/2024,,['PS5'],"['PS Plus required for online play', 'Supports up to 4 online players with PS Plus', 'Online play optional', '1 player', 'PS5 VersionPS VR2 Sense controllers required', 'VR play styles: sitting, standing, roomscale', 'PlayStation\xa0VR2 optional', 'PS5 game streaming supported only with Premium subscriptionView All', 'PS Plus required for online play', 'Supports up to 4 online players with PS Plus', 'Online play optional', '1 player', 'PS5 VersionPS VR2 Sense controllers required', 'VR play styles: sitting, standing, roomscale', 'PlayStation\xa0VR2 optional', 'PS5 game streaming supported only with Premium subscriptionView All']","['Blood, Use of Drugs, ViolenceUsers Interact']","['86%', '7%', '2%', '1%', '5%']","['English, French (France), German, Italian, Japanese, Portuguese (Brazil), Spanish']",[]
Diablo® IV - Expansion Bundle,"Blizzard Entertainment, Inc.",4.04,8980 ratings,$41.99,$69.99,Save 40%,Save 40%Offer ends 4/10/2025 06:59 AM UTC,Offer ends 4/10/2025 06:59 AM UTC,6/9/2024,,"['PS4', 'PS5', 'D4 + VOH BUNDLE', 'PS5 Pro Enhanced', 'PS4', 'PS5', 'PS4', 'PS5']","['PS Plus required for online play', 'Online play required', 'Supports up to 4 online players with PS Plus', '1 - 2 players', 'PS5 VersionPS5 Pro Enhanced', 'PS Plus required for online play', 'Online play required', 'Supports up to 4 online players with PS Plus', '1 - 2 players', 'PS5 VersionPS5 Pro Enhanced']","['Blood and Gore, Intense Violence, LanguageIn-Game Purchases']","['66%', '9%', '6%', '3%', '17%']","['Chinese (Simplified), Chinese (Traditional), English, French (France), German, Italian, Japanese, Korean, Polish, Portuguese (Brazil), Russian, Spanish, Spanish (Mexico), Turkish']",[]
The Last of Us™ Part II Remastered,Sony Interactive Entertainment,4.49,217239 ratings,$49.99,,,Subscribe to PlayStation Plus Premium to play a 2-hour full game trial,,1/19/2024,,"['PS5', 'Standard Edition', 'PS5 Pro Enhanced', 'PS5', 'PS4', 'PS4']","['Offline play enabled', '1 player', 'Remote Play supported', 'PS5 VersionVibration function and trigger effect supported (DualSense wireless controller)', 'PS5 Pro Enhanced', 'Game Help supported', 'PS5 game streaming supported only with Premium subscription', 'Offline play enabled', '1 player', 'Remote Play supported', 'PS5 VersionVibration function and trigger effect supported (DualSense wireless controller)', 'PS5 Pro Enhanced', 'Game Help supported', 'PS5 game streaming supported only with Premium subscription']","['Blood and Gore, Intense Violence, Nudity, Sexual Content, Strong Language, Use of Drugs']","['81%', '5%', '3%', '2%', '8%']","['English, French (France), Portuguese (Brazil), Spanish (Mexico)']",[]
DRAGON BALL: Sparking! ZERO,Bandai Namco Entertainment America Inc.,4.63,49830 ratings,$69.99,,,,,10/10/2024,,"['PS5', 'Standard Edition']","['PS Plus required for online play', 'In-game purchases optional', 'Supports up to 2 online players with PS Plus', 'Online play optional', '1 - 2 players', 'Remote Play supported', 'PS5 VersionVibration function and trigger effect supported (DualSense wireless controller)', 'PS Plus required for online play', 'In-game purchases optional', 'Supports up to 2 online players with PS Plus', 'Online play optional', '1 - 2 players', 'Remote Play supported', 'PS5 VersionVibration function and trigger effect supported (DualSense wireless controller)']","['Mild Language, Mild Suggestive Themes, ViolenceIn-Game Purchases']","['85%', '6%', '2%', '1%', '6%']","['English, French (France), Portuguese (Brazil), Spanish (Mexico)']",[]
It Takes Two PS4™ & PS5™,Electronic Arts Inc,4.5,104122 ratings,$39.99,,,Included with EA Play,,3/26/2021,,"['PS4', 'PS5', 'PS4', 'PS5', 'PS5', 'PS4', 'PS5', 'PS4']","['PS Plus required for online play', 'Supports up to 2 online players with PS Plus', 'Online play optional', '1 - 2 players', 'Remote Play supported', 'PS Plus required for online play', 'Supports up to 2 online players with PS Plus', 'Online play optional', '1 - 2 players', 'Remote Play supported']","['Animated Blood, Comic Mischief, Fantasy Violence, LanguageUsers Interact']","['78%', '8%', '6%', '1%', '7%']","['English, French (France), German, Italian, Spanish', 'Chinese (Simplified), Chinese (Traditional), English, French (France), German, Italian, Japanese, Korean, Polish, Portuguese (Brazil), Russian, Spanish']","['English', 'English']"
Honkai: Star Rail,COGNOSPHERE PTE. LTD.,4.52,31075 ratings,Free,,,,,10/10/2023,,['PS5'],"['In-game purchases optional', 'Online play required', 'Remote Play supported', 'PS5 VersionPS5 game streaming supported only with Premium subscription', 'In-game purchases optional', 'Online play required', 'Remote Play supported', 'PS5 VersionPS5 game streaming supported only with Premium subscription']","['Fantasy Violence, Mild Suggestive Themes, Simulated GamblingIn-Game Purchases (Includes Random Items)']","['80%', '8%', '3%', '1%', '8%']","['Chinese (Simplified), Chinese (Traditional), English, French (France), German, Japanese, Korean, Portuguese (Brazil), Russian, Spanish (Mexico), Thai, Vietnamese']",[]
Rust Console Edition,Double Eleven,3.73,26749 ratings,$49.99,,,,,5/21/2021,,"['PS4', 'Standard']","['PS Plus required for online play', 'In-game purchases optional', 'Online play required', 'Supports up to 99 online players with PS Plus', 'Remote Play supported', 'PS4 VersionDUALSHOCK\xa04 vibration', 'PS Plus required for online play', 'In-game purchases optional', 'Online play required', 'Supports up to 99 online players with PS Plus', 'Remote Play supported', 'PS4 VersionDUALSHOCK\xa04 vibration']","['Blood, ViolenceIn-Game Purchases, Users Interact']","['59%', '8%', '5%', '4%', '25%']","['English, Portuguese (Brazil)']",[]
UFC® 5,Electronic Arts Inc,3.14,20651 ratings,$69.99,,,Subscribe to PlayStation Plus Extra to access this game and hundreds more in the Game Catalog,,10/26/2023,,"['PS5', 'Standard Edition', 'PS5 Pro Enhanced']","['PS Plus required for online play', 'In-game purchases optional', 'Supports up to 2 online players with PS Plus', 'Online play optional', '1 - 2 players', 'Remote Play supported', 'PS5 VersionPS5 Pro Enhanced', 'PS5 game streaming supported only with Premium subscriptionView All', 'PS Plus required for online play', 'In-game purchases optional', 'Supports up to 2 online players with PS Plus', 'Online play optional', '1 - 2 players', 'Remote Play supported', 'PS5 VersionPS5 Pro Enhanced', 'PS5 game streaming supported only with Premium subscriptionView All']","['Blood, Strong Language, ViolenceIn-Game Purchases, Users Interact']","['36%', '13%', '10%', '7%', '33%']","['Chinese (Simplified), Chinese (Traditional), English, French (France), German, Italian, Japanese, Korean, Portuguese (Brazil), Spanish, Spanish (Mexico)']",[]
Undisputed WBC Edition,Deep Silver,2.67,11778 ratings,$79.99,,,Save 25%Offer ends 4/10/2025 06:59 AM UTC,,10/8/2024,,"['PS5', 'Deluxe WBC Edition']","['PS Plus required for online play', 'In-game purchases optional', 'Supports up to 2 online players with PS Plus', 'Online play optional', '1 - 2 players', 'Remote Play supported', 'PS5 VersionVibration function and trigger effect supported (DualSense wireless controller)', 'PS5 game streaming supported only with Premium subscriptionView All', 'PS Plus required for online play', 'In-game purchases optional', 'Supports up to 2 online players with PS Plus', 'Online play optional', '1 - 2 players', 'Remote Play supported', 'PS5 VersionVibration function and trigger effect supported (DualSense wireless controller)', 'PS5 game streaming supported only with Premium subscriptionView All']","['Blood, Lyrics, ViolenceIn-Game Purchases']","['24%', '11%', '12%', '12%', '40%']","['Chinese (Simplified), Chinese (Traditional), English, French (France), German, Italian, Polish, Russian, Spanish, Spanish (Mexico)']",[]
Resident Evil 4,"Capcom U.S.A., Inc.",4.75,92810 ratings,$19.99,$39.99,Save 50%,Save 50%Offer ends 4/10/2025 06:59 AM UTC,Offer ends 4/10/2025 06:59 AM UTC,3/24/2023,,"['PS4', 'PS5', 'Standard Edition', 'PS5 Pro Enhanced', 'PS4', 'PS5', 'PS5', 'PS4', 'PS5', 'PS4', 'PS5', 'PS4', 'PS5']","['Offline play enabled', '1 player', 'PS5 VersionVR play styles: sitting, standing', 'PlayStation\xa0VR2 optional', 'PlayStation\xa0VR2 headset vibration optional', 'PS VR2 Sense controllers optional', 'PS VR2 Sense controller vibration optional', 'PS VR2 Sense controller trigger effect optionalView All', 'Offline play enabled', '1 player', 'PS5 VersionVR play styles: sitting, standing', 'PlayStation\xa0VR2 optional', 'PlayStation\xa0VR2 headset vibration optional', 'PS VR2 Sense controllers optional', 'PS VR2 Sense controller vibration optional', 'PS VR2 Sense controller trigger effect optionalView All']","['Blood and Gore, Intense Violence, Strong LanguageIn-Game Purchases']","['87%', '6%', '4%', '1%', '2%']","['Arabic, Chinese (Simplified), Chinese (Traditional), English, French (France), German, Italian, Japanese, Korean, Portuguese (Brazil), Russian, Spanish, Spanish (Mexico)']",[]
Deadside,tinyBuild GAMES,3.9,1921 ratings,$19.99,$24.99,Save 20%,Save 20%Offer ends 4/24/2025 06:59 AM UTC,Offer ends 4/24/2025 06:59 AM UTC,2/25/2025,,"['PS5', 'Standard Edition']","['PS Plus required for online play', 'In-game purchases optional', 'Online play required', 'Supports up to 70 online players with PS Plus', 'Remote Play supported', 'PS5 VersionPS5 game streaming supported only with Premium subscription', 'PS Plus required for online play', 'In-game purchases optional', 'Online play required', 'Supports up to 70 online players with PS Plus', 'Remote Play supported', 'PS5 VersionPS5 game streaming supported only with Premium subscription']","['Blood, Language, Tobacco Reference, Use of Alcohol, ViolenceIn-Game Purchases, Users Interact']","['57%', '15%', '7%', '4%', '17%']","['Chinese (Simplified), English, French (France), German, Russian, Spanish (Mexico)']",[]
NHL® 25 PS5,Electronic Arts Inc,3.1,2023 ratings,$69.99,,,Subscribe to EA Play to get a 10-hour game trial,,9/27/2024,,"['PS5', 'Standard Edition']","['PS Plus required for online play', 'In-game purchases optional', 'Supports up to 12 online players with PS Plus', 'Online play optional', '1 - 4 players', 'Remote Play supported', 'PS Plus required for online play', 'In-game purchases optional', 'Supports up to 12 online players with PS Plus', 'Online play optional', '1 - 4 players', 'Remote Play supported']","['Mild ViolenceIn-Game Purchases (Includes Random Items), Users Interact']","['40%', '9%', '8%', '7%', '36%']","['Czech, English, Finnish, French (France), German, Swedish']",[]
Yu-Gi-Oh! MASTER DUEL,"Konami Digital Entertainment, Inc.",4.02,20525 ratings,Free,,,,,1/19/2022,,"['PS5', 'PS5', 'PS4']","['In-game purchases optional', 'Online play required', '2 online players', 'Remote Play supported', 'PS5 VersionPS5 game streaming supported only with Premium subscription', 'In-game purchases optional', 'Online play required', '2 online players', 'Remote Play supported', 'PS5 VersionPS5 game streaming supported only with Premium subscription']","['Fantasy Violence, Mild Blood, Partial NudityIn-Game Purchases (Includes Random Items), Users Interact']","['62%', '12%', '8%', '3%', '15%']","['Chinese (Simplified), Chinese (Traditional), English, French (France), German, Italian, Japanese, Korean, Portuguese (Brazil), Spanish (Mexico)']",[]
Assassin's Creed Valhalla,Ubisoft Entertainment,4.11,68830 ratings,$14.99,$59.99,Save 75%,Save 75%Offer ends 4/10/2025 06:59 AM UTC,Offer ends 4/10/2025 06:59 AM UTC,11/12/2020,,"['PS4', 'PS5', 'PS4', 'PS5', 'PS4', 'PS5', 'PS4', 'PS5', 'PS4', 'PS5', 'PS4', 'PS5', 'PS4', 'PS5', 'PS4', 'PS5']","['In-game purchases optional', 'Online play optional', '1 player', 'PS5 VersionPS5 game streaming supported only with Premium subscription', 'In-game purchases optional', 'Online play optional', '1 player', 'PS5 VersionPS5 game streaming supported only with Premium subscription']","['Blood and Gore, Intense Violence, Partial Nudity, Sexual Themes, Strong Language, Use of Drugs and AlcoholIn-Game Purchases, Users Interact']","['62%', '14%', '8%', '4%', '11%']","['English, French (France), Portuguese (Brazil), Spanish (Mexico)', 'English, French (France), Portuguese (Brazil), Spanish, Spanish (Mexico)']","['English, French (France), Portuguese (Brazil), Spanish (Mexico)', 'English, French (France), Portuguese (Brazil), Spanish']"
Call of Duty®: Black Ops III - Zombies Chronicles Edition,Activision,4.44,373769 ratings,$59.99,,,,,8/29/2017,,['PS4'],"['PS Plus required for online play', 'In-game purchases optional', 'Supports up to 18 online players with PS Plus', 'Online play optional', '1 - 4 players', 'PS4 VersionDUALSHOCK\xa04 vibration', 'PS Plus required for online play', 'In-game purchases optional', 'Supports up to 18 online players with PS Plus', 'Online play optional', '1 - 4 players', 'PS4 VersionDUALSHOCK\xa04 vibration']","['Blood and Gore, Drug Reference, Game Experience May Change During Online Play, Intense Violence, Strong Language']","['76%', '10%', '5%', '2%', '8%']",[],[]
THRONE AND LIBERTY,Amazon Games,3.53,13869 ratings,Free,,,,,10/1/2024,,['PS5'],"['In-game purchases optional', 'Online play required', '99 online players', 'PS5 VersionVibration function and trigger effect supported (DualSense wireless controller)', 'PS5 game streaming supported only with Premium subscription', 'In-game purchases optional', 'Online play required', '99 online players', 'PS5 VersionVibration function and trigger effect supported (DualSense wireless controller)', 'PS5 game streaming supported only with Premium subscription']","['Blood, Mild Suggestive Themes, ViolenceIn-Game Purchases, Users Interact']","['47%', '14%', '9%', '6%', '24%']","['English, French (France), German, Japanese, Portuguese (Brazil), Spanish, Spanish (Mexico)']",[]
Star Wars Outlaws,Ubisoft Entertainment,3.85,15187 ratings,$34.99,$69.99,Save 50%,Save 50%Offer ends 4/10/2025 06:59 AM UTC,Offer ends 4/10/2025 06:59 AM UTC,8/30/2024,,"['PS5', 'Standard Edition', 'PS5 Pro Enhanced']","['In-game purchases optional', '1 player', 'Remote Play supported', 'PS5 VersionVibration function and trigger effect supported (DualSense wireless controller)', 'PS5 Pro Enhanced', 'In-game purchases optional', '1 player', 'Remote Play supported', 'PS5 VersionVibration function and trigger effect supported (DualSense wireless controller)', 'PS5 Pro Enhanced']","['Mild Language, Simulated Gambling, ViolenceIn-Game Purchases, Users Interact']","['50%', '20%', '9%', '7%', '14%']","['English, French (France), Portuguese (Brazil), Spanish']",[]
Assassin's Creed® Mirage,Ubisoft Entertainment,3.89,28089 ratings,$19.99,$49.99,Save 60%,Save 60%Offer ends 4/10/2025 06:59 AM UTC,Offer ends 4/10/2025 06:59 AM UTC,10/5/2023,,"['PS4', 'PS5', 'Standard Edition', 'PS5 Pro Enhanced', 'PS4', 'PS5', 'PS4', 'PS5', 'PS4', 'PS5', 'PS4', 'PS5']","['In-game purchases optional', 'Online play optional', '1 player', 'Remote Play supported', 'PS5 VersionVibration function and trigger effect supported (DualSense wireless controller)', 'PS5 Pro Enhanced', 'In-game purchases optional', 'Online play optional', '1 player', 'Remote Play supported', 'PS5 VersionVibration function and trigger effect supported (DualSense wireless controller)', 'PS5 Pro Enhanced']","['Blood and Gore, Drug Reference, Intense Violence, Strong LanguageIn-Game Purchases, Users Interact']","['48%', '21%', '13%', '7%', '10%']","['English, French (France), Portuguese (Brazil), Spanish, Spanish (Mexico)']",[]
MY HERO ULTRA RUMBLE,Bandai Namco Entertainment America Inc.,4.21,40368 ratings,Free,,,,,9/28/2023,,"['PS4', 'Standard Edition']","['In-game purchases optional', 'Online play required', '24 online players', 'In-game purchases optional', 'Online play required', '24 online players']","['Mild Language, Suggestive Themes, ViolenceIn-Game Purchases (Includes Random Items), Users Interact']","['68%', '10%', '7%', '2%', '12%']","['English, French (France)']",[]
God of War Ragnarök,Sony Interactive Entertainment,4.81,135654 ratings,$69.99,,,Subscribe to PlayStation Plus Extra to access this game and hundreds more in the Game Catalog,,11/9/2022,,"['PS4', 'PS5', 'Standard Edition', 'PS5 Pro Enhanced', 'PS4', 'PS5', 'PS4', 'PS4', 'PS5']","['Offline play enabled', '1 player', 'Remote Play supported', 'PS5 VersionVibration function and trigger effect supported (DualSense wireless controller)', 'PS5 Pro Enhanced', 'Game Help supported', 'PS5 game streaming supported only with Premium subscription', 'Offline play enabled', '1 player', 'Remote Play supported', 'PS5 VersionVibration function and trigger effect supported (DualSense wireless controller)', 'PS5 Pro Enhanced', 'Game Help supported', 'PS5 game streaming supported only with Premium subscription']","['Blood and Gore, Intense Violence, Strong Language']","['91%', '4%', '2%', '1%', '2%']","['Arabic, Chinese (Simplified), Chinese (Traditional), Croatian, Czech, Dutch, English, French (France), German, Greek, Hungarian, Italian, Japanese, Korean, Polish, Portuguese (Brazil), Portuguese (Portugal), Russian, Spanish (Mexico), Thai, Turkish']",[]
No Man's Sky PS4 & PS5,Hello Games LTD,3.93,100106 ratings,$23.99,$59.99,Save 60%,Save 60%Offer ends 4/10/2025 06:59 AM UTC,Offer ends 4/10/2025 06:59 AM UTC,11/12/2020,,"['PS4', 'PS5', 'PS5 Pro Enhanced']","['PS Plus required for online play', 'Supports up to 4 online players with PS Plus', 'Online play optional', '1 player', 'PS5 VersionVR play style: sitting', 'Vibration function and trigger effect required', 'PlayStation\xa0VR2 optional', 'PlayStation\xa0VR2 headset vibration optionalView All', 'PS Plus required for online play', 'Supports up to 4 online players with PS Plus', 'Online play optional', '1 player', 'PS5 VersionVR play style: sitting', 'Vibration function and trigger effect required', 'PlayStation\xa0VR2 optional', 'PlayStation\xa0VR2 headset vibration optionalView All']","['Animated Blood, Fantasy ViolenceUsers Interact']","['58%', '14%', '6%', '5%', '16%']","['English, French (France), Portuguese (Brazil), Spanish (Mexico)', 'English, French (France), Portuguese (Brazil), Spanish (Mexico)']","['English, French (France), Portuguese (Brazil), Spanish (Mexico)']"
Arma Reforger,Bohemia Interactive a.s.,3.83,9882 ratings,$39.99,,,,,12/12/2024,,"['PS5', 'PS5 Pro Enhanced']","['PS Plus required for online play', 'Supports up to 64 online players with PS Plus', 'Online play optional', '1 player', 'Remote Play supported', 'PS5 VersionVibration function and trigger effect required', 'PS5 Pro Enhanced', 'PS5 game streaming supported only with Premium subscriptionView All', 'PS Plus required for online play', 'Supports up to 64 online players with PS Plus', 'Online play optional', '1 player', 'Remote Play supported', 'PS5 VersionVibration function and trigger effect required', 'PS5 Pro Enhanced', 'PS5 game streaming supported only with Premium subscriptionView All']","['Blood, Intense ViolenceIn-Game Purchases, Users Interact']","['59%', '11%', '5%', '4%', '21%']","['Chinese (Simplified), Czech, English, French (France), German, Italian, Japanese, Korean, Polish, Portuguese (Brazil), Russian, Spanish, Ukrainian']",[]
Stellar Blade™,Sony Interactive Entertainment,4.83,73467 ratings,$49.69,$69.99,Save 29%,Save 29%Offer ends 4/10/2025 06:59 AM UTC,Offer ends 4/10/2025 06:59 AM UTC,4/26/2024,,"['PS5', 'Standard Edition', 'PS5 Pro Enhanced']","['In-game purchases optional', 'Offline play enabled', '1 player', 'Remote Play supported', 'PS5 VersionVibration function and trigger effect supported (DualSense wireless controller)', 'PS5 Pro Enhanced', 'PS5 game streaming supported only with Premium subscription', 'In-game purchases optional', 'Offline play enabled', '1 player', 'Remote Play supported', 'PS5 VersionVibration function and trigger effect supported (DualSense wireless controller)', 'PS5 Pro Enhanced', 'PS5 game streaming supported only with Premium subscription']","['Blood and Gore, Language, Suggestive Themes, ViolenceIn-Game Purchases']","['92%', '4%', '1%', '1%', '2%']","['Arabic, Chinese (Simplified), Chinese (Traditional), Danish, Dutch, English, Finnish, French (France), German, Italian, Japanese, Korean, Norwegian, Polish, Portuguese (Brazil), Portuguese (Portugal), Russian, Spanish, Spanish (Mexico), Swedish, Thai, Turkish']",[]
SILENT HILL 2,"Konami Digital Entertainment, Inc.",4.86,27787 ratings,$69.99,,,Save 35%Offer ends 4/10/2025 06:59 AM UTC,,10/8/2024,,"['PS5', 'Standard Edition', 'PS5 Pro Enhanced']","['Offline play enabled', '1 player', 'Remote Play supported', 'PS5 VersionVibration function and trigger effect supported (DualSense wireless controller)', 'PS5 Pro Enhanced', 'Game Help supported', 'PS5 game streaming supported only with Premium subscription', 'Offline play enabled', '1 player', 'Remote Play supported', 'PS5 VersionVibration function and trigger effect supported (DualSense wireless controller)', 'PS5 Pro Enhanced', 'Game Help supported', 'PS5 game streaming supported only with Premium subscription']","['Blood and Gore, Language, Sexual Themes, Violence']","['93%', '4%', '1%', '1%', '2%']","['Chinese (Simplified), Chinese (Traditional), English, French (France), German, Italian, Japanese, Korean, Polish, Portuguese (Brazil), Russian, Spanish, Spanish (Mexico), Ukrainian']",[]
F1® 25 Iconic Edition,Electronic Arts Inc,,,$89.99,,,Save 10% with EA Play,,5/27/2025,,"['PS5', 'Iconic Edition', 'PS5 Pro Enhanced']","['PS Plus required for online play', 'Online play required', 'Supports up to 22 online players with PS Plus', '1 - 2 players', 'Remote Play supported', 'PS5 VersionVibration function and trigger effect supported (DualSense wireless controller)', 'PS5 Pro Enhanced', 'PS Plus required for online play', 'Online play required', 'Supports up to 22 online players with PS Plus', '1 - 2 players', 'Remote Play supported', 'PS5 VersionVibration function and trigger effect supported (DualSense wireless controller)', 'PS5 Pro Enhanced']","['Mild Language, Use of Alcohol']",[],[],[]
NARUTO TO BORUTO: SHINOBI STRIKER,Bandai Namco Entertainment America Inc.,4.03,104051 ratings,$19.99,,,Subscribe to PlayStation Plus Extra to access this game and hundreds more in the Game Catalog,,8/31/2018,,"['PS4', 'Standard Edition']","['PS Plus required for online play', 'In-game purchases optional', 'Supports up to 8 online players with PS Plus', 'Online play optional', '1 player', 'Remote Play supported', 'PS4 VersionDUALSHOCK\xa04 vibration', 'PS Plus required for online play', 'In-game purchases optional', 'Supports up to 8 online players with PS Plus', 'Online play optional', '1 player', 'Remote Play supported', 'PS4 VersionDUALSHOCK\xa04 vibration']","['Cartoon Violence, Mild LanguageIn-Game Purchases, Users Interact']","['64%', '10%', '7%', '2%', '17%']",[],[]
MLB® The Show™ 24 PS5®,Sony Interactive Entertainment,3.54,9917 ratings,$29.99,,,,,3/19/2024,,"['PS4', 'PS5', 'Standard Edition', 'PS4', 'PS5', 'PS4', 'PS4', 'PS5', 'PS4', 'PS5']","['PS Plus required for online play', 'In-game purchases optional', 'Supports up to 8 online players with PS Plus', 'Online play optional', '1 - 4 players', 'Remote Play supported', 'PS5 VersionVibration function and trigger effect supported (DualSense wireless controller)', 'PS4 VersionDUALSHOCK\xa04 vibrationView All PS5 & PS4 Compatibility Notices', 'PS Plus required for online play', 'In-game purchases optional', 'Supports up to 8 online players with PS Plus', 'Online play optional', '1 - 4 players', 'Remote Play supported', 'PS5 VersionVibration function and trigger effect supported (DualSense wireless controller)', 'PS4 VersionDUALSHOCK\xa04 vibrationView All PS5 & PS4 Compatibility Notices']","['No DescriptorsIn-Game Purchases (Includes Random Items), Users Interact']","['48%', '13%', '9%', '4%', '25%']",['English'],[]
Assassin's Creed® Odyssey,Ubisoft Entertainment,4.53,81861 ratings,$11.99,$59.99,Save 80%,Save 80%Offer ends 4/10/2025 06:59 AM UTC,Offer ends 4/10/2025 06:59 AM UTC,10/5/2018,,['PS4'],"['1 player', 'PS4 VersionDUALSHOCK\xa04 vibration', '1 player', 'PS4 VersionDUALSHOCK\xa04 vibration']","['Blood and Gore, Intense Violence, Sexual Themes, Strong LanguageIn-Game Purchases']","['77%', '12%', '4%', '2%', '5%']","['English, French (France), Portuguese (Brazil), Spanish']",[]
Avatar: Frontiers of Pandora™,Ubisoft Entertainment,3.92,12904 ratings,$23.09,$69.99,Save 67%,Save 67%Offer ends 4/10/2025 06:59 AM UTC,Offer ends 4/10/2025 06:59 AM UTC,12/7/2023,,"['PS5', 'Standard Edition', 'PS5 Pro Enhanced']","['PS Plus required for online play', 'In-game purchases optional', 'Supports up to 2 online players with PS Plus', 'Online play optional', '1 player', 'Remote Play supported', 'PS5 VersionVibration function and trigger effect supported (DualSense wireless controller)', 'PS5 Pro EnhancedView All', 'PS Plus required for online play', 'In-game purchases optional', 'Supports up to 2 online players with PS Plus', 'Online play optional', '1 player', 'Remote Play supported', 'PS5 VersionVibration function and trigger effect supported (DualSense wireless controller)', 'PS5 Pro EnhancedView All']","['Language, Mild Blood, ViolenceIn-Game Purchases, Users Interact']","['54%', '16%', '10%', '6%', '13%']","['English, French (France), Portuguese (Brazil), Spanish']",[]
AI LIMIT,CE-ASIA HONG KONG LIMITED,3.93,3540 ratings,$34.99,,,,,3/27/2025,,"['PS5', 'Standard Edition']","['Offline play enabled', '1 player', 'Remote Play supported', 'PS5 VersionVibration function supported (DualSense wireless controller)', 'Offline play enabled', '1 player', 'Remote Play supported', 'PS5 VersionVibration function supported (DualSense wireless controller)']","['Blood, Violence']","['55%', '15%', '10%', '7%', '13%']","['Chinese (Simplified), Chinese (Traditional), English, French (France), German, Japanese, Korean, Portuguese (Brazil), Spanish']",[]
THE FINALS,Embark Studios AB,4.15,42044 ratings,Free,,,,,12/8/2023,,"['PS5', 'PS5 Pro Enhanced', 'PS5', 'PS4']","['In-game purchases optional', 'Online play required', '24 online players', 'Remote Play supported', 'PS5 VersionVibration function required', 'PS5 Pro Enhanced', 'PS5 game streaming supported only with Premium subscription', 'In-game purchases optional', 'Online play required', '24 online players', 'Remote Play supported', 'PS5 VersionVibration function required', 'PS5 Pro Enhanced', 'PS5 game streaming supported only with Premium subscription']","['ViolenceIn-Game Purchases, Users Interact']","['65%', '13%', '6%', '3%', '13%']","['Chinese (Simplified), Chinese (Traditional), English, French (France), German, Japanese, Korean, Polish, Portuguese (Brazil), Spanish, Turkish']",[]
Palworld,Pocketpair,4.7,14002 ratings,$29.99,,,,,9/24/2024,,"['PS5', 'PS5 Pro Enhanced']","['PS Plus required for online play', 'Supports up to 4 online players with PS Plus', 'Online play optional', '1 player', 'PS5 VersionVibration function supported (DualSense wireless controller)', 'PS5 Pro Enhanced', 'PS5 game streaming supported only with Premium subscription', 'PS Plus required for online play', 'Supports up to 4 online players with PS Plus', 'Online play optional', '1 player', 'PS5 VersionVibration function supported (DualSense wireless controller)', 'PS5 Pro Enhanced', 'PS5 game streaming supported only with Premium subscription']","['Mild Language, ViolenceUsers Interact']","['85%', '8%', '2%', '1%', '3%']","['Chinese (Simplified), Chinese (Traditional), English, French (France), German, Italian, Japanese, Korean, Portuguese (Brazil), Russian, Spanish']",[]
WORLD OF WARSHIPS: LEGENDS,Wargaming Group Ltd,4.1,115010 ratings,Free,,,,,4/26/2021,,"['PS5', 'PS5 Pro Enhanced', 'PS5', 'PS4']","['In-game purchases optional', 'Online play required', '18 online players', 'PS5 VersionPS5 Pro Enhanced', 'PS5 game streaming supported only with Premium subscription', 'In-game purchases optional', 'Online play required', '18 online players', 'PS5 VersionPS5 Pro Enhanced', 'PS5 game streaming supported only with Premium subscription']","['Suggestive Themes, ViolenceIn-Game Purchases, Users Interact']","['60%', '15%', '13%', '2%', '11%']","['Chinese (Simplified), Chinese (Traditional), English, French (France), German, Japanese, Korean, Portuguese (Brazil), Russian, Spanish (Mexico)']",[]
DayZ,BOHEMIA INTERACTIVE A.S.,3.69,32796 ratings,$27.49,$54.99,Save 50%,Save 50%Offer ends 4/24/2025 06:59 AM UTC,Offer ends 4/24/2025 06:59 AM UTC,5/30/2019,,['PS4'],"['PS Plus required for online play', 'Online play required', 'Supports up to 60 online players with PS Plus', 'Remote Play supported', 'PS Plus required for online play', 'Online play required', 'Supports up to 60 online players with PS Plus', 'Remote Play supported']","['Blood, Strong Language, ViolenceUsers Interact']","['54%', '13%', '6%', '4%', '24%']","['English, French (France), Spanish']",[]
NBA 2K24 Kobe Bryant Edition for PS5™,2K,3.04,50329 ratings,$69.99,,,,,9/8/2023,,"['PS5', 'Kobe Bryant Edition', 'PS5', 'PS4', 'PS4', 'PS5', 'PS4', 'PS5']","['PS Plus required for online play', 'In-game purchases optional', 'Supports up to 10 online players with PS Plus', 'Online play optional', '1 - 4 players', 'Remote Play supported', 'PS5 VersionVibration function and trigger effect required', 'PS Plus required for online play', 'In-game purchases optional', 'Supports up to 10 online players with PS Plus', 'Online play optional', '1 - 4 players', 'Remote Play supported', 'PS5 VersionVibration function and trigger effect required']","['In-Game Purchases (Includes Random Items), Users Interact']","['35%', '11%', '11%', '7%', '35%']","['Chinese (Simplified), Chinese (Traditional), English, French (France), German, Italian, Japanese, Korean, Spanish']",[]
Farming Simulator 25,GIANTS Software,3.29,8200 ratings,$59.99,,,,,11/12/2024,,"['PS5', 'PS5 Pro Enhanced']","['PS Plus required for online play', 'In-game purchases optional', 'Supports up to 6 online players with PS Plus', 'Online play optional', '1 player', 'Remote Play supported', 'PS5 VersionPS5 Pro Enhanced', 'PS5 game streaming supported only with Premium subscriptionView All', 'PS Plus required for online play', 'In-game purchases optional', 'Supports up to 6 online players with PS Plus', 'Online play optional', '1 player', 'Remote Play supported', 'PS5 VersionPS5 Pro Enhanced', 'PS5 game streaming supported only with Premium subscriptionView All']","['In-Game Purchases, Users Interact']","['42%', '11%', '9%', '9%', '29%']","['Chinese (Simplified), Chinese (Traditional), Czech, Danish, Dutch, English, Finnish, French (Canada), French (France), German, Hungarian, Italian, Japanese, Korean, Norwegian, Polish, Portuguese (Brazil), Portuguese (Portugal), Romanian, Russian, Slovak, Spanish, Spanish (Mexico), Swedish, Turkish, Ukrainian, Vietnamese']",[]
Grounded PS4® & PS5®,Microsoft Corporation,4.58,5375 ratings,$19.99,$39.99,Save 50%,Save 50%Offer ends 4/10/2025 06:59 AM UTC,Offer ends 4/10/2025 06:59 AM UTC,4/16/2024,,"['PS4', 'PS5']","['PS Plus required for online play', 'Supports up to 4 online players with PS Plus', 'Online play optional', '1 player', 'PS5 VersionVibration function supported (DualSense wireless controller)', 'PS5 game streaming supported only with Premium subscription', 'PS Plus required for online play', 'Supports up to 4 online players with PS Plus', 'Online play optional', '1 player', 'PS5 VersionVibration function supported (DualSense wireless controller)', 'PS5 game streaming supported only with Premium subscription']","['Blood, Mild Language, ViolenceUsers Interact']","['81%', '9%', '3%', '1%', '6%']","['Arabic, Chinese (Simplified), Chinese (Traditional), English, French (France), German, Italian, Japanese, Korean, Polish, Portuguese (Brazil), Russian, Spanish, Spanish (Mexico), Thai, Turkish', 'Arabic, Chinese (Simplified), Chinese (Traditional), English, French (France), German, Italian, Japanese, Korean, Polish, Portuguese (Brazil), Russian, Spanish, Spanish (Mexico), Thai, Turkish']","['English', 'English, Japanese']"
FOR HONOR,Ubisoft Entertainment,4.05,76913 ratings,$29.99,,,Subscribe to PlayStation Plus Extra to access this game and hundreds more in the Game Catalog,,3/14/2024,,['PS4'],"['Online play required', 'Remote Play supported', 'PS4 VersionPS4 Pro Enhanced', 'DUALSHOCK\xa04 vibration', 'Online play required', 'Remote Play supported', 'PS4 VersionPS4 Pro Enhanced', 'DUALSHOCK\xa04 vibration']","['Blood and Gore, Game Experience May Change During Online Play, Intense Violence']","['63%', '13%', '6%', '3%', '15%']",[],[]
Red Dead Redemption,Rockstar Games,4.77,14224 ratings,$29.99,$49.99,Save 40%,Save 40%Offer ends 4/10/2025 06:59 AM UTC,Offer ends 4/10/2025 06:59 AM UTC,8/17/2023,,"['PS4', 'Standard Edition']","['Offline play enabled', '1 player', 'Remote Play supported', 'PS4 VersionPS4 Pro Enhanced', 'DUALSHOCK\xa04 vibration', 'Offline play enabled', '1 player', 'Remote Play supported', 'PS4 VersionPS4 Pro Enhanced', 'DUALSHOCK\xa04 vibration']","['Blood and Gore, Intense Violence, Nudity, Strong Language, Strong Sexual Content, Use of Drugs']","['87%', '8%', '2%', '1%', '2%']","['Chinese (Simplified), Chinese (Traditional), English, French (France), German, Italian, Korean, Portuguese (Brazil), Portuguese (Portugal), Russian, Spanish, Spanish (Mexico)']",[]
DC Universe Online Free to Play,Daybreak Games,4.13,353413 ratings,Free,,,,,3/26/2024,,"['PS5', 'PS5', 'PS4', 'PS4']","['In-game purchases optional', 'Online play required', '99 online players', 'Remote Play supported', 'PS5 VersionPS5 game streaming supported only with Premium subscription', 'In-game purchases optional', 'Online play required', '99 online players', 'Remote Play supported', 'PS5 VersionPS5 game streaming supported only with Premium subscription']","['Game Experience May Change During Online Play, Mild Blood, Mild Language, Mild Suggestive Themes, ViolenceIn-Game Purchases (Includes Random Items), Users Interact']","['61%', '14%', '11%', '2%', '11%']","['English, French (Canada), Spanish (Mexico)']",[]
Hell Let Loose,Team17 Software Ltd.,4.07,9940 ratings,$24.99,$49.99,Save 50%,Save 50%Offer ends 4/24/2025 06:59 AM UTC,Offer ends 4/24/2025 06:59 AM UTC,10/5/2021,,['PS5'],"['PS Plus required for online play', 'Online play required', 'Supports up to 99 online players with PS Plus', 'Remote Play supported', 'PS5 VersionVibration function and trigger effect supported (DualSense wireless controller)', 'PS5 game streaming supported only with Premium subscription', 'PS Plus required for online play', 'Online play required', 'Supports up to 99 online players with PS Plus', 'Remote Play supported', 'PS5 VersionVibration function and trigger effect supported (DualSense wireless controller)', 'PS5 game streaming supported only with Premium subscription']","['Blood and Gore, ViolenceUsers Interact']","['63%', '14%', '4%', '3%', '15%']","['Chinese (Simplified), Chinese (Traditional), English, French (France), German, Japanese, Korean, Polish, Russian, Spanish']",[]
Path of Exile 2 Founder's Pack - Path of Exile 2 Early Access,GRINDING GEAR GAMES LIMITED,4.26,6250 ratings,$29.99,,,,,12/5/2024,,"['PS5', 'PS5 Pro Enhanced']","['In-game purchases optional', 'Online play required', '6 online players', 'PS5 VersionPS5 Pro Enhanced', 'PS5 game streaming supported only with Premium subscription', 'In-game purchases optional', 'Online play required', '6 online players', 'PS5 VersionPS5 Pro Enhanced', 'PS5 game streaming supported only with Premium subscription']","['Blood and Gore, Nudity, ViolenceIn-Game Purchases (Includes Random Items), Users Interact']","['76%', '5%', '3%', '3%', '14%']","['English, French (France), German, Korean, Portuguese (Brazil), Russian, Spanish, Thai']",[]
Need for Speed™ Unbound Ultimate Collection,Electronic Arts Inc,3.07,23454 ratings,$16.99,$84.99,Save 80%,Save 80%Offer ends 4/10/2025 06:59 AM UTC,Offer ends 4/10/2025 06:59 AM UTC,10/25/2024,,"['PS5', 'Ultimate Collection']","['PS Plus required for online play', 'Supports up to 16 online players with PS Plus', 'Online play optional', '1 player', 'PS Plus required for online play', 'Supports up to 16 online players with PS Plus', 'Online play optional', '1 player']","['Language, Mild Suggestive Themes, Mild ViolenceIn-Game Purchases, Users Interact']","['32%', '15%', '13%', '10%', '31%']","['Arabic, Chinese (Simplified), Chinese (Traditional), English, French (France), German, Italian, Japanese, Korean, Polish, Portuguese (Brazil), Spanish']",[]
Ghost of Tsushima DIRECTOR’S CUT,Sony Interactive Entertainment,4.6,233220 ratings,$69.99,,,Trial,,8/20/2021,,"['PS4', 'PS5', 'PS5', 'PS4', 'PS5', 'PS4', 'PS5', 'PS4', 'PS4', 'PS4']","['PS Plus required for online play', 'Supports up to 4 online players with PS Plus', 'Online play optional', '1 player', 'PS5 VersionVibration function and trigger effect required', 'Game Help supported', 'PS5 game streaming supported only with Premium subscription', 'PS Plus required for online play', 'Supports up to 4 online players with PS Plus', 'Online play optional', '1 player', 'PS5 VersionVibration function and trigger effect required', 'Game Help supported', 'PS5 game streaming supported only with Premium subscription']","['Blood and Gore, Intense Violence, Language, Partial NudityUsers Interact']","['84%', '6%', '2%', '1%', '7%']","['English, French (France), Japanese, Portuguese (Brazil), Spanish (Mexico)']",[]
Lies of P,NEOWIZ,4.68,21234 ratings,$35.99,$59.99,Save 40%,Save 40%Offer ends 4/10/2025 06:59 AM UTC,Offer ends 4/10/2025 06:59 AM UTC,9/19/2023,,"['PS4', 'PS5', 'Standard Edition', 'PS5 Pro Enhanced', 'PS4', 'PS5', 'PS4', 'PS5']","['Offline play enabled', '1 player', 'Remote Play supported', 'PS5 VersionVibration function supported (DualSense wireless controller)', 'PS5 Pro Enhanced', 'PS5 game streaming supported only with Premium subscription', 'Offline play enabled', '1 player', 'Remote Play supported', 'PS5 VersionVibration function supported (DualSense wireless controller)', 'PS5 Pro Enhanced', 'PS5 game streaming supported only with Premium subscription']","['Blood, Violence']","['84%', '9%', '2%', '1%', '4%']","['Chinese (Simplified), Chinese (Traditional), English, French (France), German, Italian, Japanese, Korean, Polish, Portuguese (Brazil), Russian, Spanish']",[]
Hunt: Showdown 1896,Crytek,4.21,11190 ratings,$29.99,,,Save 50%Offer ends 4/10/2025 06:59 AM UTC,,8/15/2024,,"['PS5', 'PS5 Pro Enhanced']","['PS Plus required for online play', 'In-game purchases optional', 'Online play required', 'Supports up to 12 online players with PS Plus', 'Remote Play supported', 'PS5 VersionPS5 Pro Enhanced', 'PS5 game streaming supported only with Premium subscription', 'PS4 VersionDUALSHOCK\xa04 vibrationView All PS5 & PS4 Compatibility Notices', 'PS Plus required for online play', 'In-game purchases optional', 'Online play required', 'Supports up to 12 online players with PS Plus', 'Remote Play supported', 'PS5 VersionPS5 Pro Enhanced', 'PS5 game streaming supported only with Premium subscription', 'PS4 VersionDUALSHOCK\xa04 vibrationView All PS5 & PS4 Compatibility Notices']","['Blood and Gore, ViolenceIn-Game Purchases, Users Interact']","['70%', '11%', '3%', '2%', '14%']","['English, French (France), German, Italian, Polish, Portuguese (Brazil), Russian, Spanish, Turkish']",[]
Brawlhalla,Blue Mammoth Games,4.03,279424 ratings,Free,,,,,10/17/2017,,['PS4'],"['Online play optional', '1 - 4 players', '8 online players', 'Remote Play supported', 'PS4 VersionDUALSHOCK\xa04 vibration', 'Online play optional', '1 - 4 players', '8 online players', 'Remote Play supported', 'PS4 VersionDUALSHOCK\xa04 vibration']",['Fantasy Violence'],"['60%', '13%', '10%', '2%', '14%']",[],[]
Battlefield™ 2042 PS5,Electronic Arts Inc,3.19,48884 ratings,$6.99,$69.99,Save 90%,Save 90%Offer ends 4/10/2025 06:59 AM UTC,Offer ends 4/10/2025 06:59 AM UTC,11/19/2021,,"['PS4', 'PS5', 'Standard Edition', 'PS4', 'PS5', 'PS4', 'PS4', 'PS5']","['PS Plus required for online play', 'In-game purchases optional', 'Online play required', 'Supports up to 99 online players with PS Plus', 'PS5 VersionGame Help supported', 'PS Plus required for online play', 'In-game purchases optional', 'Online play required', 'Supports up to 99 online players with PS Plus', 'PS5 VersionGame Help supported']","['Blood, Strong Language, ViolenceIn-Game Purchases, Users Interact']","['40%', '11%', '9%', '7%', '33%']","['Chinese (Simplified), Chinese (Traditional), English, French (Canada), French (France), Japanese, Korean, Portuguese (Brazil), Spanish, Spanish (Mexico)', 'Chinese (Simplified), Chinese (Traditional), English, French (France), Korean, Portuguese (Brazil), Spanish, Spanish (Mexico)']","['Chinese, English, French (France), Japanese, Portuguese (Brazil), Spanish, Spanish (Mexico)', 'Chinese, English, French (France), Japanese, Portuguese (Brazil), Spanish, Spanish (Mexico)']"